Title,Wallet,Region
rahulbhadoriya.eth,261uDPsBtboxk7h8zPyGXPmfBfiznzccnEaJuFdDVngY,India
badashh,4pSHbF9iNGzykn8sxbEijunMJR7Tev75voBtS256ZCKD,India
srijanshetty,2gsjdU2ZjB9j73VxSrk1T3WLJw4597Rp1voMX2wwwgwB,India
pratikd,GuLW7RFc5rxhWUykQZuhGC23t688SheM6JhgvRrjP9NF,India
saxenasaheb,Dpi1ie3158XfJJDC5BHxHHTk6AKmbg2Krg9d9DPxSRkM,India
Kash4240,Hb9v3ssbX5FshgPYpLUu4ityd331SdUCJLrqf28ZY8Ks,India
srijani,7agD7vBwkD7YXfuC3B419WGZd3rcWhT4KqRoQQqnxi8U,India
akshaybd,5Nnk6z4qFY65ihZVQPAzCq8v7E17kEPc4aw8G2c1fXWd,India
sitesh,9jAbW4AVyUjwd18BruCVM6JbHmvgwtY51U2iARFmCFqf,India
shek.dev,7fTJPtzFKM7AuvWkrNyGzewEtpH8F7pinbT4gjz5Sxgb,India
Het,A3r2FvL1BkAGmcv74vQ5fVpFdm7GttDKhn9RhYV3zifL,India
drprk.eth,HkEabmmzJMzpTaRjTMVx8vk59Q6Q9bcoeDM1gk44448g,India
ritvij14,Ss7aGjpwHm3Gg4MVNdXrm5C4GXuMvryCZUayjhPkouc,India
wildgoosechess,2v1wqGWEdmfbTLpkaW9RrTD428hFr5ZVYLdJDjEniq1s,India
dawksh,Bu3mTU2X7SoZUkyNU37jispVqRLkSSwiQuN6rGbvQx9f,India
mr.yalamanchi,H1KVV9gA31CUHNQxZ8uc68EZJJTBgz6TaMTDdEbgsoyV,India
john_swaroop,L6AxKPADzg29Kbkit13v3pzMi7LSam5W5ANqP4VJXzp,India
dhruvraj,AhFfjBPCoNRDExEDFYuNK2NXCWNa1gi2VUbdA7cF19CD,India
ybhrdwj,9ojHWohGNv9bZJti5Vr5WmEKUHnZQKi3PF8ba2TVMxVx,India
kanishq,EbtVF5YAcQoMPsd9QxDx5Nu7mFphmgj2FT29JWGvsm2G,India
kingoflands,DYSiRGFuYKjEyvzaf1fVTKCxVG8gWT9ZkkdLoqJ1wuJJ,India
dubsteppish,7MKkdpSdXHq8kiXUUTf2BhmShgutrkQz6PSrR2uYKeiE,India
heybolt,B3BhJ1nvPvEhx3hq3nfK8hx4WYcKZdbhavSobZEA44ai,India
abhisek,ADzzaoKWYhKeyC5L2RTPCHSpRtgUonEzkt1TNno16K93,India
ujjwal49,EnYqiB4AsV9dcihwCdcPrnE6fXZLNxYxfrzVG4CT2vR8,India
its0xray,A8fwKSLSvnkAjWF4aDzkT9ewkn1wPAT4he75UTpz1iGD,India
k13h,,India
anoushk,9hqqMGMfG44L2R1a1osDgQRWKYt4YuegfUB6rUSaXrv8,India
pratiksaria,9iSD3wkC1aq3FcwgjJfEua9FkkZJWv7Cuxs6sKjc3VnR,India
mallikaditya,4U5d5nhCbsWUwsWPtm7EVWh9sRLp8en1S5K6FFSXeFYx,India
Priyesh,FV9vFVVv2fTskCd4XhnGDMjdNLvkhxyvD5fwmtsAciEh,India
gajesh,4gZZ6f8LAjyuPsnoPmErEvauaapjf7hRJDQztB9wAVyD,India
0xkrishb,8B2QcBBuakggJPZrmDS82C6FVrBXg7KbXWAYmZVgUJ2z,India
Phenomenon,6sjWYbwBKH8sNZ12CtwiPDDVeeyZnpLALnhSanYmZK7g,India
adar.sh,rao16KsxiPQD7p12zmpX3UcE1Ua19dGjcBndXk3MhKv,India
neilshroff,BWRYGjeYoZawm5wgx8P1uSFQnAojxgfxCfdCvBHTcUjM,India
abbasshaikh,6M8UEAAqSfDUBqMzxdXxgkTAyXZgKeD6shf1A7dvgnRk,India
akshayde_plan,ABH5LcdCQnXWyQGM6H2C1w4DoQ2NtzxsNVD2XxSXCB15,India
scriblooooor,3dJwAcXi8DiqhLqsWr2DJYRwQZbFjR7APvXM5pEcy6fj,India
Rakshit,9bkqmwz8m2YfqRpA97KzNc4nWYPK6qQWe5QnwDbr72GJ,India
0xdeep,DeepCFDi2Whm3TjaVa6Hih6UNAsqr9aex21AhHJjE5TQ,India
kirat,HV7L7j4rhyXUwrZAG5rFhqQQCyz7JwFpLEgbobT9k5GJ,India
catrovacer,EbWwA6NzyvyZpTVCo2YdFD3RgAtfCtkGNBWCCqwbsD2H,India
Devaiah Bopanna5105,H4Uvjytvf5M2xbCoLRpRvSmXWLHAxpCYA4831FvaRoHW,India
vampo,EWfVcG1SHjrHNiYaDdhpNepkS8xhZJ2Uwwd9h56ZpnLd,India
paarug,EDiNAtAv7c8pJKAoSUBZ5UgABpgpcbsNQAKhp3Hcewvx,India
kunalbagaria,54o5R8Bxwceb5y9Q1nCb3p8eHyDnWDbCNvxptkbaSCi2,India
Jaydeep,679Sgec1ThLtxgV4TUPXNPL5FY8jMzUXkM5TMnQfRtEb,India
yash_chandak,BKP1yYXkF5QmXyM2ZUTuxd5kCK6AS6vWSz2rPFmtoiXx,India
hersh4786,8jXEXeDfGjX8LSfHvSKikCcb87CwnYuyVjZQYotvXmKu,India
rishabh.bansal,Ap7HRzabgzY4tNEWRjY2XMy3HSBuLwsx67Jwe8pTGNsS,India
ddude01,9psZBS7GHNrFxADh93Gv1Qnr9TTCP9GAdfrvDFzgLJUf,India
heyayushh,Aj1NMPqLzu88WEfDPW8S8pGmSEhJRjpsWCJqLg4zrAP9,India
arihantbansal,GsuyNHX76ZGXwisQ2qSyP6nNUgx2DxNtCQXESVswzC6F,India
tanmaybhat,8rfbk6FwEDjzeMJoya5s5FZ9GwpDFtoptxxDTNgw74ag,India
krishtripathi,2DtNYiv9zkZoEr1ABFSUrvEaMn4pya3TQDPLTEUwRZmr,India
Grahil,51ZGfAipufToETNH29n5MAdPtcipvGZCyDosKntQYuQs,India
yashhsm,2aBzSoD1PWwGnubo4CS1veGcbyDZazWhrKHUKAFpbsm2,India
0xmukesh,2S9jKJEGKoVxR3xkEfFyGVrLwJj1H8xYjqtSP5LAX97x,India
catastr0phe_,BuuEQYMqbZHUiHNXK5gbJmrhsxMwqFLkbPBSqdHQNF4U,India
golam_wahid9914,A2WuLqsEP29v3eSPn4HnbwR7iEB791muFAshDs6CFod7,India
ameya,GL7B6wN418TMRQDjUn9oP281E3UCP34RbEht3BnqBBrE,India
irffan,8Fy7yHo7Sn7anUtG7VANLEDxCWbLjku1oBVa4VouEVVP,India
akanshj,BRVcDm5s1it4FkTrJzhGVTQTF1oLLCU5fjfoASYFUP5J,India
madhavg,Ac3WdKvtLwXBB5Hzenuf7bdh56HFcR2PBiaWvVf2LPny,India
jeevithaa,Ek48P7QMny3cFjkjn2nWekZYHVvsRLZfeDwJMH2SnJwn,India
.cry0genic,FkqBN7SRyuzfjR55qP8JWppH1fvXsyWcrYbeo2kv8bm8,India
_soulninja,8rfvBqQ1yybiBfTfdemaED45SiEEK2Bt6b59XGQLhxqF,India
tusharji,EFAWmLDWVkt8Q9bMTSxdz5W1nefE7d2nQpNd9b9NfLhg,India
sanattt,ECWYjrbqMgL5dakUcfXT41rpx31fyn51jFeAwfQfJUXk,India
deanmachine,3PKhzE9wuEkGPHHu2sNCvG86xNtDJduAcyBPXpE6cSNt,India
ankitkr0,DBU1YGdceurbVmKqs9tre3891Nu5f8aC2Tzyob66wYjw,India
0xdirichlet,EQTKNpQkgK7JhaoKxteaM5Jhn2QzWcurYXvk4QUsDtCi,India
.overachiever,HHX2R9dW5DyPqjg9pDSEjj5zEy11zg5AGr356PM6Exaq,India
Ashraf,D77Jk7KfBKWrtMfaZDLJTLhd1dFac2YAM6CoiwzSYnp7,India
ahzamx,46dgFMwRg49RKHmkH81K9aasnB344tRNr7gVRQrgmzQH,India
.cosmix,BkHxK8FTeDn2HUva4nc1EBhHbEq54WwhqjQ1AY58g8GZ,India
anuraglol,FqYAWuqRb8QxwBgvhbuRPtou4zhWtg361axogVUeP222,India
prastut,BbYt2Jyep43RqZ6zud8cJHaYHDNJ6FbwSQRkmV8PqBxW,India
envy_life,dAyxfWzu4cssWv1ctm3L9z5vxcEQc6vW6NZtVV6x9xz,India
thefunnyintrovert,EgG3NfWrYW8vbPePm1D4KbP3j5kQcimrJLHGhLirWbXi,India
dubbel06,32CM5Rzf7TxcvByMTsb1E9UvDPXUrimLwkGaPu1sqRbF,India
abhwshek,H8w1WjiqijivwjJVmjxvTYd4iXuPZn85gGozHL54L14q,India
anishde,8Dyk53RrtmN3MshQxxWdfTRco9sQJzUHSqkUg8chbe88,India
heydrac,8bxPvX42URZKixUTFLywQEq6ZYef4nQfU3QvyMkmzuXs,India
mohit_thakkar_,C3vfw3AeoXRP2XCUgW18dQBNLdtcdNMSzv7p8oo3i5dU,India
rkmonarch,3dTSLCGStegkuoU6dc75DbRdJk4rKV3d5ZCZdSWbTcQv,India
rohitkumarvarma.code,4RmNa8yBaX5FMqggTWcfVnMqFUwr6CxKg7WZ8NQc8UVL,India
pradologue,aPfbaHKfPRBvpDt1iE4io7fpTG7yXYCsXT1yWM8N8fY,India
sahilpabale,6ZvF21AN98RkNsafkgoNjq6qz81v9CwfaELLj3HfdbTz,India
cm_monstre,B6VaDxG8E1oi2fRwybza6iKsPLHMM8BHqknhQ9QzUdLF,India
0xaryan,CRtPaRBqT274CaE5X4tFgjccx5XXY5zKYfLPnvitKdJx,India
fataltymonstre,G1tCgTadgcxKFMsu544aHsL1eexzwLi1ZgRN9b3KQkrL,India
tarunth,9jtNaGv3dcwzxDnErwb7UWe5QXjjyYMRdvBDRiSGytqa,India
0xshuk,EUisgNmineB4u1WA8K1UDCZMGdXjuPjwGQuZq3RtLq1d,India
bhagyamudgal,9V9xnugDuEiHjcGjR3U1D2DhCHhJ8xMJorPXu7s7WqQj,India
aarushe,Ey6Jyaa31zm9XSfrNLm45NByg8KqoRWhbkczEcT7Daxt,India
arpitaganatra,32CTtk8zgRZtZQFDDGFSDFDYbRYqDF41rEY1i1stF2HY,India
navedux,E2pjP14kgArbr3oSmq4isp9xZG9yD5DndUnXAqWisCh1,India
akshat_3.14,Ey85NUDkZQkZRPP48TihWp5CdrnL6rvG2fdpLF8cK2wB,India
0xapoorv,BfypBDVvqgGcT2pRgrxwX5RLZ7qarCbPgGY9nwNVV25g,India
avneesh,2R4bHmSBHkHAskerTHE6GE1Fxbn31kaD5gHqpsPySVd7,India
.vivek,5vrLNwjrMTET9L4nXZ2ME5GdrS7Qk8ETExiZCpQfbaJ8,India
milan090,Hyv3ZmEBeNVs8zmCJNWnSH9Cdk9u5sYnnWv4quYHANdE,India
adlonymous,HN11n4MYLbnZPaEbAVX7Y83XM6PvNtQDSitUo9Z2A8Dq,India
simplysabir,6Jaifbr1u9L6DPWk2G3a7CvAPdwpQk95cQd3rwJyKp6d,India
splitoor,E6HqfDLnE8Jk1BtGWFRWj8TsrceCJhkQoCcFmqZRmtAV,India
darkar07,4PetmSbNAwD57mSSYFvBuF3CC7P6DtoFN1BbzCCLDYyi,India
aniketfuryrocks,DuHFwnExQGwXNMuE51JvRCccjFQ838c6un398WgFykJk,India
kapersky.,C6ZRxZ253e8WH3YDRKWenzjuk6VhRfGtwzFE1pcZLb2f,India
ahm3d.sol,G3ZxS2dFx2mFnXAyuhxgnNQciVn74GUgrgvo7hxqB1vB,India
anujgupta.,ENr8q2ZddGGBpHLMCTD5pnzDb3MSPHwkk8cpvHJV9qTd,India
mikemaccana,dDCQNnDmNbFVi8cQhKAgXhyhXeJ625tvwsunRyRc7c8,India
eraserhead062,GdNh12yVy5Lsew9WXVCV5ErgK5SpmsBJkcti5jVtPB7o,India
yum4666,BzcVQmeQFhqnVgyJSZ2R8yf32fFFamFPh4a3RD6N8evo,India
circusdragon,9psHNg12zVStC4CHbXS6WTYtLyRhZKdKY9YgdRLHFeYN,India
Crown_22,HXFaDgozvXmZUPUyh8ZhTPoPyJhba5812v8Bvs5TpRH1,India
thisissamridh,2VptbNFuUnZTJDy3rq5bsHiovaa5MStdnkWRMw2L6FGS,India
apoorvsadana,ELSdLon4DvjLWfcSZgFNDE6QwsE8uJgHVnDfh3nuwyUn,India
frogie21,6ofUceVRBmAG5Ktf5ssuYBtwW6t2J1P9DWXNPtRriseP,India
lopeselio,73mKxiWXyxTJZT17kJr1DT2JQsYZrMSze2UitKehsAG1,India
mrigankbh,C2H4vNCok7Gp6kAttggDq3VwJaNkjZ8wTZ8rYDC6tjBE,India
Vishal3242,2CrSdQaVyaMmr9gdBRibhQhZK5NwqhERfoLAR7ptSBYu,India
0xabstracted,SABh3sQNnpBi2fmB1Ew94bYiCxKYJXJwwGGW4ACToAH,India
tusharlog,8uSqytiNJ3YViqcLfMXMR1pBymQXNejc91qtcecCYYnF,India
shrutz13,FUwRgKQyytqUcTkMyyANKnn6LdV1XGJ5Gc5bUCUTGq2h,India
.pragdua,5SRWXvu1nKwyM5vxznNMfSs3nrGBcaurJuRoWGssv8ZK,India
Foursixsix,EM2D5Zx31oo3XFF5kxodCqLnThztHVQGDkFCNa5xdgxH,India
memxor,26T5jE487Qsd4MinPvn5EcH6LCpUeaa2Fcfgrcyttjkm,India
sohamshah_,6FZfPFfDZF2uUiEGvH5PXnHP1vm5KaYAVN4zXrcKpgTD,India
.killerthief,hU4WPX1qfxbYVSXrE6Gutve7mondWBCv24MMwcFw3pr,India
saviour1001,BGfybQ2uFGPmCscCPAgJtBFXDWc5GNqzymSq3AAo6Nvi,India
shivam.soni,82avTQhMG63b9Cb7RfwZvY3cnTjW5KoFuoYM5WSCZwR,India
dmtosmit,HPt3UAi1nPc6cjptdeCkiiSVMZJds5kbuktPLurtCgBM,India
foskaay,Hj6EUEF2mNqe1cRTYQLzURaarD5RXF6WoKMWPne1YzH3,India
placeboeffect2899,HmuiWDSUYacz3zTdqfKTpgm2ZCsc94Xz6zyXhMqMBbG,India
nimblet,BBYAkoBbRxEsbWTkGKuR61UubUbLB6GTaw5ckSk16PpA,India
wilfredalmeida,AoJSKnWPyFg5MPDtCcP3Nb4FdGjAJuozyEgauAVjhrZc,India
0xmadhan,8NN6WmoVd8F5Wt56KkSQM5NL9gWXCqHGEkXrquezhBdi,India
xcarnage,395utDE4wdthX3VE2jPKRodK67wbovxztkDKEnDMmbP9,India
hikikomori_vm,vTSJ8emzA9LusQa96FNPvpUhmDvFheEWz4WNmTVLL9J,India
phantomcavalier,3TKxQMAHvbjqox2MtirPnjNhiHKMM7E8Vjxnxt8r9jAn,India
minhphuong253,H8vsiZdYj5YzuDPtTeDC8g8xiW369ZcZ6pE6sQ1huaK,India
justbkhere,9QkreA6FKVKSLRxVPwXYyuydsymdMyVQQCnDAGGMUVfp,India
mmdhrumil,4RetBVitL3h4V1YrGCJMhGbMNHRkhgnDCLuRjj8a9i1P,India
jayeshvp24,255qB7tHoL1o2dnHfZZaeBQHYPpCwJpRQ5RSXwUUsCVi,India
saumay_,61jgD1hCCKZVKzsKD7ebUBjxnmTgZL7RunP8aoud42Lf,India
saicharanpogul,GxCJ5iHEbiNu3WYpaRdFrQde7oiRcg5PCSbJYjRq2XEy,India
prakyath_reddy,BiQ7xVC3Kg8iewFcdSShKH7ZLBm6x21kKzKvTrfEPpRd,India
hrishikesh.ai,88SsNAypgRwMPBNHsh7ap8jinRYHty6qUnqX5dHhBDSL,India
ronak6068,8hpQbfUwURCSVy3sBX5RiiUzWdgWnNkwrrBppT3Jtw73,India
ghost.the.sammie,7tcCsU1qA3LFHjP2bPx38dsWG3qAjM78SZP1kaPT3rdY,India
_singhhhimanshu_,FLAfqdahPVVhdZDdL5D9YRiZNqp375ho6CkzjjW6JEau,India
sameeerkashyap,4ioVBzufkoR67toibAtX2gskd6RdTSkkn3sia9CF2QPe,India
sahilkakwani9,Em8siRGMG68b1c3qzfEVzqJEMXvaBt1Kem9YEj7WmaHF,India
thatsme6051,GcfsCFes5GojdhQCecUegb84c7cUfH4hhYTrh9Ljyi94,India
vivek_nakrani,8Sg5idZCw2KNwfQmUizn9xVKKYFa1uJGCfVJXRZg3hts,India
kenilshah,7xKjDAYY9y3Tyz1bnNQBveR5uskukKgfZm2NeyTbmX2k,India
Justyna4791,Bs6bZxnBSyyLStQBrRgbB8WoygAA9TuoJv63EQMXQWtT,India
dr.degenphd,GyfPG5CnLkJ5R2gFxJJQV8noSnJexp4r7pcf53GWHxHB,India
subhashkarri,5cwXRycxRwsQsdHp8XYcJCzWwfQ7DUN2sU2382oENwzH,India
a__rew,BgSeaFQg4mfdJeRtRxXZSuaB47tScbNm6oWxA1eADoct,India
rahul215,FsCr16ivJAebzd8aEAiUH8CQwHjYRpSGjxSz3cddFguq,India
monalishapush,AvFuYLdWQ8SGHPNhkewAEpBhqbvaPopBoBbQ4Lp4Bdma,India
bighotshot,Aid4Bb4qnHv3PN1bybugBAkYo3RT48MqwhZii8qjTGFu,India
imanishbarnwal,D3bfm4pPSVa2Hd2FtQqJSzYek2v4Voe1P2cQLJVhp4NU,India
bravolak,7Wmt6Fr3Nrc4Y66VrLYWHpgoSmenvWH29mxuRfgmEXGs,India
immortal3103,BCy1Ht8MkyPcnKmZRFZcW9mDomGBUrSTS6wwTqPJTz7m,India
ashis1111,FxxmS7h1JueDcnMHzhKgWNx2PBpfAxBxaQL5ykDwypT1,India
sageiear,HAF8TNqvWUdKxPWzqPRNrzWgjscnFy4r2hvJz9fm4w2x,India
shivrxj,H1iFZZVfNu45JBKwGtPL18s1tzTzyyx3nJx7XQiqSxW4,India
joelvarghese,2tBUHRfWHVPAkFcm4KdoqngVrudvBSmC7PSCorCUofU2,India
srijancse,HqFCnfVkCTDgQT4XaW82N8nNZbvqV25EioWVEU3Awip1,India
dayitvagoel,GrdHTNy4ZifBKXe6b9wcdiZrenSmsyfzU7PGjLfgyVJC,India
atharmohammad,DQ1jbKrjq4HSY7zqGHxn1DjQ4JTEx7KV4VubX78sbdH4,India
madmax_pfx,BLCiQEj6y47bWQiNZ1DDfbJFM7CcUjdaVuyLp8kDLcry,India
prashantupd,9BywUudtCwj2DNFDSkhpDBEwtguMAC6p1J3hERWLqqbY,India
bombaymalayali,2acbVKfAi9dyCfvk1tVuPgKu94dz1182NFkUjtHmoHDv,India
dawnphilip,A8BQFkR7777k6zhHmRpMrEp8KrHt3SyMWYrRGXJVQyo8,India
0xram,4B3yygmRHquL5aK8oXkuuvgMhnd4hUgvUPjmQsp1v4Wj,India
vrajdesai,GqkJ3UoKTScvXiaJUxrGJ9QD847LAj2DTvMzqjaT2tJm,India
theprayasu,2D1qfhoyvbFTTXS1xwe1RKVWCQifjvPqEpFqQXk1Veow,India
yash431garg,CpDB6ieb2NsJFuke5voXkLh7Gcff1YAwk8iFMVTvYw2k,India
theborklar,6862uSKa5kBjStwPppcAaZVrnTUhzAgRaaSshZETPeWN,India
Harsh2220,Ad3SGvr7fzAHGLC81nooyG5BaYxsACFxM28kDpXZe4aa,India
heyshubh,3GD3Ks19SCeor3n4qrJ3VjGRooeMii7FYvb24EaMRae5,India
pareen.,6cyeNkxMj38FQ9N7jVagMRVomdC8seyJtQQezv42efKp,India
kartiksoneji,97r7pw3jzLn8y1TouC9q3a76ABf2eeGJ5SHYeWSxSvpZ,India
sandgorgon,BfaPLefTvvDwFykGoezM6bqPCrvmgHhQuyzTNuP9S4DH,India
neel_ds,9GHp4CzMVFRxWW9ZjocBBc8fRZ69EQKjzVvvtiqzsNQE,India
imjp19,6Z9aSvY8HgGSBEDEm2prsCMoMxEFRESfZZx8j3dxotB8,India
sarkazein7,ELfBAePbUxDgAKSJvycmD7vAhzqB2UFp1DjnhYb6oRUv,India
sorandom5456,AiYTh7xfrpx8Zf9x6u3idtP9U41cpJVwhuq5A3ERY62R,India
devvivek,qtNiueydAgojxZcByt6GCCJ7Qq89nyZEYhCSZ2ajF3G,India
arpan_web3,9aCkmVoW86yFaZNdstUymjvsLTfZeKUXGMUrSdjgh8A3,India
khankluan24,GPPKTizS7EtWxTAqaoQeMhGQLZNLjnQsKc8MsjgdvF6b,India
snowstorm003,2f1nAgq5QUE9H9D38o1E6S25XSNKHpXj6DYnbBnSkvMs,India
halfgork,FdswM7oomosBnzkCfZD4ki6UXChJ2LvZKPXNXfSsshCD,Turkey
sheqbam,4nNfoAztZVjRLLcxgcxT7yYUuyn6UgMJdduART94TrKi,Turkey
muratartan,58CuC9r2GFLP5dpGTGCu8onygViBRKG9dSeWSgHtaQfS,Turkey
.riluaneth,8WjXrdfsLKt9kk58w3AHMLdm4GNigRW3ub8SHy88KSTp,Turkey
_foreseon,DnXnoLMZmiP2jFzea5fUswE5ZnTJWPQ97eA1BWfVSS4M,Turkey
yusufchn,ET9TCMp4jwEjCpTfQbQ7WndR5jBVurAqxwDrLr8Po3kR,Turkey
machist,JAhAfQrVJgrzx4x6Rjv95dZjN5XaHcYafwJvFVwaEzTM,Turkey
0xgks,2RZ4ELtn37PcJniyUiG7jKs93hRiNm1N41849vihFA67,Turkey
gstepfi,H1Xear8fYUcM7A2ike8vzRDduCCQVCbAkh7QgjWtC8Pg,Turkey
blockofchain,3DywwbFoRq82zi9WnAqPsArSAqqBBVYNfVPE5SqxB5qG,Turkey
berkingurcan,4gPSpaatJ5TfJzuAvMZ78WihJjPs62A245mV81zpMDbL,Turkey
kubarist,GdNohUgWazUuSF5prA6YGmjpf88fvTgZ7mnUf9Babgch,Turkey
uygun.eth,4g984gUvmdJ4kiZmf8cyVPPdCEFktCwoLnvHsPKktbSv,Turkey
0xmerthelius.xyz,Ht5NQThNf6ZSyry3q2JYckMXzpoFHRDRottgt1VJZQka,Turkey
seray66,GFA7s4xuhcrbMr4RuAaQBb74Rv6kNoaFKngPVYDSzoK8,Turkey
marcusm4ximus,GQwHwEqyMsx2gS8kcBrZAtjWhnJFCnzW8317T9zBTeQU,Turkey
gecginserhat,YTJus9u9naDhmvGTNpByEdH3WtaRu9mCxBoZmMYRgmr,Turkey
aniii.eth,4nCPHvzNpDNq4GckJvva63VG75aXLrDos97qFMG8naEv,Turkey
ezgiyaltay,GbyQXnAjsW1u4eYqZPfqgxMjn5PodFdW6sh7X5yCqCK3,Turkey
cihanay,41a5XCNKKBBMRewsE352ykPCq9QkEnr72fDZFoxF7BCk,Turkey
metadev,AwmmMopQJd5ZrRmBmL5pwKoLUsA29s2eWLbV8tTqCia1,Turkey
mukul601,3se1zf5wafupQWPXVuxtbZUYiM4xdR7J7dPNnQFdtizD,Turkey
keremcgrc,AhSdQhUdPe4SuWunmgtc91jUHTrpaoQ7qgEM2wXoXJTm,Turkey
M.Asula6695,EpUedTAcWafPbJr9ZgGTYuhTc8PnFagBB8QhnrMcc3Ra,Turkey
tsaad,799TWMmbh7g1XPPbgfkFRALe2A6sHR4fgsPzqrwzLxM4,Turkey
lipsum30,6SJW2Hg29Zq5TbpcVnRMBJwXmvTd24DSdXXVSCXsR3Gv,Turkey
yamancan,GKRdYci2C6gRGqh3stVcftD5NfncD3D8vJZ8PALDxoD4,Turkey
mjdemir,5UkwLRd9KvESCJNv5YqssDYdeTY5oTDQ92UWnWoY2iVq,Turkey
TrueTiem5327,De4wMaPtjr7rE9DEN3Jzq5EFwRsNqkpvR1xBFhCdKHeT,Turkey
muratkun,5mLEnyMqFFbxtyiucpyyNqqb5VTH9oTWgKbRiFAi6Loa,Turkey
esadyusufatik,7Bphxwsr7dt91WMW9bVrUjftuWFwLYqoPZMZ4r5ksaAf,Turkey
real_0x,EU8z368kxJ4VzLfdpNG774L6DpAnav9d9cBBpbyH9Rr2,Turkey
perrex_,JAEEZLiUTkmCh7z2GyP9y43VhuJ4y5gdEQQrhupNX3r3,Turkey
ankitaachelani,HH3HsTU1woYpwTPW9tbcLk3VNWRVEU59yCTk1iVHRpGt,Turkey
quad_core,7kogtXJHEhiiTKzjyQWxx3t1Tt82GavzS1ouE6E3qmCb,Turkey
kardelencgrc9069,ATvDgLYsmHKJk1p2jk5g1TiD92oSoqRZvy3z1B513AtX,Turkey
4ipp,7XejhWQ31sJoampnvmH6S7cB72hVZwFbDkkHTG1GuQru,Turkey
omerhayyam5913,ACN8p8hNWNpnr88DM98KK5L8mSzu68wPzJpREiSpdhhe,Turkey
koda1939,DRELYpi71fEWVaCLT5Sn8ZFDGTgC9FfHDsmD7CDBLbbc,Turkey
tfnyldrm,TufantNxsyuzA888RVoiLQgXAnpxSn4TDXoeiqCNf4r,Turkey
ressuv,CqwL2VTbGnytZ4cYLxeR7nRd8hTLUCXLP5wAAFsJF7qB,Turkey
caspar.sol,FykdvhrLX6uoPGrb3oB2NtTpDbL36mTiW9aNEzm6bfxJ,Turkey
whitemoon,EgJVwJN5enK7h74cdAKFogEYNCH1va9eWPzLZSZRNutH,Turkey
nurettinselim,HzzFoMtGruj2VGCfschQE3Qo6EyXnVtvsXT9yFT4U1NU,Turkey
nicolass,8NjRGvsqrn2j3ujkhjpfR3SPi7VKFJcY6EAA3ARbkQan,Turkey
vadimtech,3GEpZncuhHMjLNF7oC6eyHYts4QQ95cwG7cFA1dgyLGV,Turkey
forzanft,Exdm6Uu2ffAJ5S7w9LZRrbAZQdUzJLoqbzodv9zLV23s,Turkey
amiga.os,5KhqJN9XF6MBcncp5R7Deg7QXzdrd4MoohkSLZLJ48oM,Turkey
PsychoKiller6008,GuYxJjrgdYaZWzHiGsirnj6VgQt5MM331ebiCMpeGfNn,Turkey
sudeozkan,4eJ389QaBvdA1U7qaPMyXLnt9N27tTf6KYZoNgdNJPDa,Turkey
2eep,6eP3o6p2z1chZawP241JWT9NQBRxKqzdm3dc6GLkNM85,Turkey
gulcanyayla,2ohwZrDr3RoWrbd57hDsme2VcJ7FCmetLM1NEmFzycae,Turkey
hazy0,3e7ae9aDpUnzRdgJaekQgbSuckCFxJjWXQsAVVXXdWeb,Turkey
suleerk,9DoQQBKiDWSN1muqYJNScjAWaLNvGRdYKWJG8EKQGonz,Turkey
emre.rs,82evnw1BnTE8k4eE37MsAdWEdMLkxujQd4RnWFc8VaHL,Turkey
aleynaalangil,CFDe5xEYrJGhAQ2DpmCQZUP6wyA7XrMUE1ku7azNSP7v,Turkey
eagustus,8Mutewy4EmUZ5ywbkm1jdRU19w94oFF3Sv18xaY8bfaa,Turkey
tarikk.url,69rGvJfnwVPYw7zYCfbg83WdgYKKbXNVt2fWbnq5ZF6T,Turkey
melisa8343,8BEMAPTgdf4NUM9ud5hbaK3Y9GjaQM6mUSLUgvebbaWG,Turkey
goktugoguz,99Grs8xvqrox8Zgcp2AgBVvWTBdBQp37YNgfzwLmsQ1P,Turkey
kyatzu,J7CaS73gEA2c22U3XD7LMiHUZPbP5yvjoCni8sgk9LFL,Turkey
nefiten ,67N3qks4VKDkt4LcfWgisBG3rGeHakFqxPsSCma37KB2,Turkey
bukerkerem,6SbTwyofrR5WZwa2Pfnn9qsFWBs35MD7dqATNubv6gsH,Turkey
veliuysal,39nDhVo49tjrJK9QKBnLEZK3yC5NvHTv4k3vMpcJgnTW,Turkey
eminkotan,8Qm4Kwn4cnfP5a4FNqikkCzfszSzAnisfn1oZ7EExopC,Turkey
batuberk34,x5ZbVbvu2x6bJNgexTpkzzFwatm623ATrBo6aRoNk4e,Turkey
_archill,4udv5GH3GLRcntHcS5w5gUwpbauLXv7U1YEZerZXc93r,Turkey
priber,21xmg4tmekTAk83EVhnjUNobLLJNPhbkSxsnEw3r6ckk,Turkey
cengizhankose,J5vswPt4cq8xtzYmGk5TpNZCiJrdXaoZytkQ1eUGboFs,Turkey
drbluechip,7xpqY5uibNcyD15LKZQqy5hqaKFmcasuvAXMt7wkg5zp,Turkey
sherlocoin,BqvEejNH7dwVCwoRNc7QF73cro8zUJNienFCmRQBAZzP,Turkey
0xreha,Y5bKvpizh3QoPbyPWBWEcXVfYGReCh9db89cLp5PvfY,Turkey
gamzeeeduzzz,3xSRpWHs9FYooUpYz8Z89AgpKUmHco22evJzPaXvdK73,Turkey
jemo1,2Xe3Eo6QH8FTZWAUVwoWHWL5cHbNLpttUbcuCg4cxKPu,Turkey
nurssyhn,DwAMY95fH5GWQvpwfPw29DVjbgaTMEf1q6kVez2YcN5U,Turkey
berzanorg,5hgE86Rrx2UiGtV5898vMUaJt3cAEeNwpP9cQ1gDrSR1,Turkey
aysekulabas,8xfzhwwWAcLyb2hoMYk5snseSGW1u9adCqDs7FawH1wV,Turkey
ecehanyildirim,-,Turkey
lupo.sol,5A3Ukec8sae7FaJYUiC81Rmo4i3R7C7iz1SCGrCe1qBB,Turkey
etodanik,3rJe7FAeMDxUYkLMYVcBj1ZPX4o8Ukt4h3mWgyS9a6Jy,Turkey
0xcfloki#5443,DrU7gWvpRoqhWeLd3WtSGnBVkBBFKnGYipfr6493EvnK,Turkey
.saltukhan,71h6ihBZsNibxpBEwJErYcHc2giUt14BZxgf59Rc1AqQ,Turkey
kaanmertkocc,2o3zZja4zxbVXBw43oByhcnRS7BfGVNLCF2y9H74Svmn,Turkey
Prime#5312,Tdd78bhUF788fVZXTF31jbRcfAJw3xg3pTtUWwBpn6u,Turkey
caglargokce,8Y1MYnvrJrgrKdqpYZ4RzBaaYwUmyr9CkwFENyV9rYaa,Turkey
yeahyeaa#9997,Dta5WCokjpkbLKWavqMfa1NRWBu2xELXTX54BJZMg9zn,Turkey
heathley,2jiKcT8ZXEzkhW2uhvKS8Br1r9uDU1o4YUB62bYwtKeJ,Turkey
ufukdogan,HsU7UVdWaUdBJS3dXesjp4FNBLawabwVYR9quFHBmhWk,Turkey
1yetkin,3sV7eSn3eQxcdTh3hNNuF8Y6SnAdEfzkTA7ceFKGrQM7,Turkey
dodoeth,5r5nzCE8N2i6Y3ptDXeapicvt7oUgVug95hcPhVJtS5E,Turkey
whiteliecrypto,77aXHY29GYN922nH8NwZnbUQFCmWC7SJStPb9Wo2Bjae,Turkey
a.yakar,79BBfynkUsV71aKVxArdcxfEzw4uXc9Fe6YyfeUMz8vK,Turkey
@cryptokelly53,5bMYurdoxaSNSDne8iQPEcNVVWYEwq15hUexBQ8okc3X,Turkey
runner0456,7wqhwdmXZM3xwc8CfjuAHgX2PF1NHfuY7pFn4YbaHesp,Turkey
0xgurkan,DgsKRwRpcE7GXD35RcbDbtjRCVuyQdJxiQp5m5zqqqKq,Turkey
mattysol,95bU38gqmqvKHKD9k8utUF9tBCnFkgvgx1x26hxX3x3R,Turkey
casanovaweb3,BWeNRwGecBYraiFqYAaUkSfJyDfboXnFEYTwAQPSJuSF,Turkey
electus_tr,2Amtbk7KSgbAoP2vQsLuVEMW3S1RSNzWB2H3WghbXQuj,Turkey
0xshowmaker,79LygMBWdC95TToforAJEou1tWUEQQxQvPQ6VTPiKAMv,Turkey
0xcem,F5nLuiXBxK43q2bShbTfaJKRDeA8ZWK9q5binmp9YaZg,Turkey
dogukanaligundogan,J2Y7ZRY3kLEraiv8kbBVYYPBqPYCsT4YFgxZgafFK9xG,Turkey
zentachain.,DJKPZ1qnC7yhuRYLjNhPcPnSaVaXmgJXZiTDGgqLAidt,Turkey
@0xarici,33UjPsSY46wAtoJrxNizphm228WxwVSWCjHAyHq1Q4jS,Turkey
Eugennn,2rGsaDDNMoQgTdZZDu2pKqRs5gGgcSJRLbVKVoEnHkKn,Turkey
quanguefa,5gY4YKfafKofiYDdHzzosx3ZZy6TNFtKm3CR6btucoAu,Vietnam
dunguyenz,F9Xjn2frbbUj6L4RZ25jXJoPaFFwjRXG7VYdyPadpjoy,Vietnam
limoncanvas,7FZUnU1fvKs4Prcf9EMLh4RwwESbQyw3rWFqqGMyoV3Q,Vietnam
superdev0600,AgZrnMqqvoKPqjbXqJZ5aBQ1kUph7KxSUq6rTHX7ZZus,Vietnam
henrypham3019,6X31L2q1CRmqCmEopeeG6LAPMZr36mQo1nebt4b1Ddz6,Vietnam
.hugotran,PjfwGNZy5HcfJ8BM6nF4ctanq2XGcxKoRr6GW7y1E5k,Vietnam
Lily_212,GQGePBcs5oELUhTLk7xhSZzvduJDAZgtHBaC4iu2DUwq,Vietnam
khacvy,63EEC9FfGyksm7PkVC6z8uAmqozbQcTzbkWJNsgqjkFs,Vietnam
Xuan Thien VKU5101,2DSkK6AtV3T8MnRradLcw5GyMfxnyXsbnXoFPEYLUrPm,Vietnam
scotty21_,5ayXzkNwLBik9khfSq8ho47ePMngs9RfdmoT22CPHzJy,Vietnam
tristannguyen,AXxA7eN3e6Zj2NbGaJNk7YNhZSHjaJHhtXGKPCEV8Urn,Vietnam
Rapidspm2891,3Jz6pbKA1GaF7Fy3Tes6Mh3AhwxNpL8La7jYPMGWTQmv,Vietnam
dean220899,5GE3zMH9X4V35vghH1u7xnbzH6dPaTAZQ7P3ij1qFQpE,Vietnam
JustinHuy | W34E,BZrfsygA61UqxF4JH45MoKKyeny52LKf1GuWsF17qhMq,Vietnam
huyquangdo,2VAjw45MG1PJ3whS6oUDga4mXYZaxmExqoQfuy5MEUiQ,Vietnam
Chung|Metain3868,9jPHik2wdLFTiQdk6jRyUwi5HhekQWiFnDr7CJfmEjxr,Vietnam
nomad_nguyen,7meC3p9PKqR3mofKLBN3z1PviU2jCvgEunrKUBBQjHAM,Vietnam
liam.nguyen23,AdFjRhtXHWp5zk6iJNemWWijmvkw3tDAvyeSR5tMvV7q,Vietnam
8WL wise|6640,9jPHik2wdLFTiQdk6jRyUwi5HhekQWiFnDr7CJfmEjxr,Vietnam
MrX6685,9jPHik2wdLFTiQdk6jRyUwi5HhekQWiFnDr7CJfmEjxr,Vietnam
Hau7322,5JhAWY8wFSdBecfzjwYLcJcpA2YFVmdiN9LYpvxMDMXW,Vietnam
smartnewmacrochain,8XVDgjZjyAENbpDQDo22oKxtBi1g5iFhtXoB6YL8oHxN,Vietnam
Nhat Quan | W34E,2TUKJ1G9z4Z7oLJyBNSnnaJWsif1QCEiiFhvueKLS7n2,Vietnam
Gitsune4444,A7Af5M1R2yBgM7N6wMMrv6iKtYFRHx1mePj3yu6zx6xv,Vietnam
redwindvn,JAhUD3r7rSezGxVRuiC8tigz7VcLdLjq8fCTFHgyDtp6,Vietnam
Minh Đức | Solance4236,J2tsEHdKBr1yiyfoZ4KTqAJ5uZ1HtR4faeTYZ29Wijhq,Vietnam
sonhavietnamese,BnJsyytCwkzQoRs6X8P9fbFXLEUsC7EbNoFUuYJXuUER,Vietnam
mikahdang,FtTQ1Ve2WZtVnQ6BM1yTKeN93yoExrwdY2diA1RLcHbp,Vietnam
tinpham319,CgDVPA79EeXbkQdySYEGa3zPEWB6mzvMzLFW5T1Rqtao,Vietnam
nabiklover,9651paBcfR3VGUyt2gwAG3QX2j8ZgyAoVgKccTioQHdY,Vietnam
ThanhTuan3847,FjkNyAsuCgBh7YZSQGJyh2osZrhadcgyctVre4N5XZ9j,Vietnam
harryd1203,D4JnbGpHjaBjvZhQpXz5Dng8T3FZKD39oXAmoWF54pAi,Vietnam
0xwckd,CY2G17dxpw8aHZN7fEqWrEFyagn7aUEn1kfdB5TB47e2,Vietnam
Đức Minh0268,3mz953Y6SvEEa3tewmCQVqbFzEN6T7ek42RWFhGP8esn,Vietnam
meowttt7,2ZWzxKf64fBQdQHNJRh5obSoimmF1UgrLRkR38Pdbfo7,Vietnam
minhpham0345,AJ8GR3DvAN3KHKHrxBiTu3yhbvZfrqGyHzF4cjW1AnQt,Vietnam
dree0483,8288aQH7eYKUQ6N2Z3NHjuABh7aQXCToQKqbrFumv7VV,Vietnam
brainstorm437,D9VAoV8cd8EKxwNL4CwTfGdKZfR83QZgTvaaieUdFvA9,Vietnam
adeledoan,EzBv6azZxMfDKNwVFgJhTN1ZyjdSKPs2hBvpodDq97es,Vietnam
kellyanh,3Bdwuvhbu5PPTTRwerXagvvoJeaGo7Maetav5vgUBcYo,Vietnam
leopham4259,ADjoTuHWvJbGq3E2GQmK3ZYsB8KqoNmfFWFarxVRKnzf,Vietnam
darthcastelian,2uWgfTebL5xfhFPJwguVuRfidgUAvjUX1vZRepZgZym9,Vietnam
Tran Huynh | MetaHop1588,C5aUEu8mbtnJeJZiVrNKo1q5dS8K1vD9dkf7CSNr88S4,Vietnam
Vuong Duong | Metahop3094,4UbNAtwGiByS5MxuGzgRKTLx7pv9EWx73b19B4GjaLVx,Vietnam
longphu,iRHX5vUGqnHAUtGU2nvuUUqtz59cSBzatUBrNVRhboW,Vietnam
0xtrou,AbM7Tci6fHGCVRDujmZeFH3pDi6xHaG7Xb6g1VM7LHte,Vietnam
systemis,F8qedeJsnrFnLfKpT4QN3GeAQqQMtq4izNLR1dKb5eRS,Vietnam
normie5730,Bp1izkhq9E6dJfdBS7VHRWPkJNdGQ3fdaYd5tkEoY1wB,Vietnam
endeavourer2143,9FGk5SQZVVfT5RQB6PmuReFFjhEKmQByVPUG1PhtiTYG,Vietnam
fay.071,HZTQ2M2g1L9BFxpYwW1rb4BCMW3uT5jhdK9PSfPjRw8d,Vietnam
.holyducky,GYoiZpuPYYy3TLhjEL3JY47dWcXecv3ig4BjXWFyT4oo,Vietnam
man_macrochain,9ap5H8XQvVo5ER5uYWCKW3t7pxSWHvgxJ9o8k1cyNcJe,Vietnam
Bones6705,6iPeFvRyjh1Qp5qYriQavPHJ6UGApxR2mfFfGEAGJcns,Vietnam
.hnh,FrGpyXkAN1PPT4TumMpgAjAG3ASQ7kJD52iDW6mtYKeX,Vietnam
yy.0101,5qNDwCDN6hCExX9vYbHtLZ5ZQta5VHXB6XP5kQgPHo1,Vietnam
baddeed,3jg3NBSnUsYAZwxRYMEsfhVZdNwjLhJW1kpEYv58gfqU,Vietnam
saigonbutcher,7xmhEWNLHgA74ibTWUeYoeCcJahG1Bn5coreaJinn13f,Vietnam
barneymosby,6v4cVMbR9HqMYtVp46jvCitMewaDu7andG5ijYFMkoJc,Vietnam
k2rmk,CCoSKkgPWC1CSBki4LM9cCp9hM9zURQyfgY6h3UtNitR,Vietnam
tdannyd,4ywgA12UP3xCS6XAeJDpMXuJg44dQJjYwqGxryyDNRoU,Vietnam
jasonle_,DjeZajpujHLZHLc6116r9Qt7ScAZYWUcUNN1WaqcZ9LM,Vietnam
tuanpmhd,5kvb1eU3LSC1SSsoet2cQc3txPje43ML3LQGpMcCZ3ZN,Vietnam
orenzovonmatterhorn8041,CX4TrQtk5F6aqUjGUxddt5XHsT671RQaDoSMMP2WqPqg,Vietnam
leanhhuyen6722,ApTkbU3ShAsH5agLBwvvLDJ2ke184Uv67EAFp3q3V9Ta,Vietnam
chaukhac,4dhkDcSPosrhXS9ySoaFVcVzbDFJCH7titzkJQpnUKX2,Vietnam
trungbaotran1701,J4yQis5Y1abSptc2oNSaSp2yv8AW5jknNp1rXFJ1PB6T,Vietnam
Ho Trang5168,GWP9Dxpn2AQq6SecBxJR3LahSTnSrKtmtAQBPRzT3sJG,Vietnam
naforwork,HV7b9zcvvFmvjnPoogPyoYPL2tP2zTG7kqX5JYTjGhqu,Vietnam
huyenmai,9s1NUwrgaFXGHTbwpUTJHepR7VyfaAdRHRPHteTmFqtC,Vietnam
dieplinhpham,5gFvePuZY4UqabWatj6SR5AJvvFPWVfTkKQtDerV4a6B,Vietnam
khuekaciedo,HME154PhFZhzgxj1h9zWgxXeSYR4dWTgs5TEfrsccCDu,Vietnam
yiyiyi.,bYbxuDrpfq7m3fbTsqA1MAojjQCETKfkr3YnLvnuRBR,Vietnam
nguyenphulinh,4pvvgq549tCA8MGCbjtPhYtSNS6d5K2o2dgf3AZHLEu7,Vietnam
miubie,FLqbZp1PCfHh4GUv4mtsaVZwyZWVg3ejZM5Lqx4ozAbG,Vietnam
minhthach_,BCYopNbzk74FZXZPTbRoj1haNECmEdckDnWrax6aQ2Xm,Vietnam
trant2338,2ja7ps4CVPmDXd9JEQ96NGQ9aTgCuaGxr3bDCbojVCBX,Vietnam
huymaius,AdN1fhqj9Jw6CyYLbxkWoSqhdwSj72k5ioEJX3RME7Dd,Vietnam
megatunger,5P6KbkdP2GpUkuHi1tnbC2meToMxy52zZTiZnVzce4GJ,Vietnam
ippo3496,Etdzr4RQ3fn6TSs266ibb3K5a5zyLiALbK3vHegvVUCg,Vietnam
thanhle27,J4tv82R823uB18gnuvVQTaeTJXU3QKvr12dTuwmYdSB4,Vietnam
toannhu,ArTbfyWWNBLkDhU2ar8RBEPDHkEv6jVWJTwxjDnVYnMX,Vietnam
tuandangsuperteamvn,G6kskZYjEVKQZNsmrzbnXPL97aeSkptzcShySvokhPSn,Vietnam
minhbear,7wccAMcnjdmBvi8mvdmhmXth4Kiv5i94LLEp79aiNP5v,Vietnam
vankiem_tran03,3sFDKYCFkWHwfVWzkWj7RL3poZtgWDqJmgPny2DVcV87,Vietnam
quanvd126,G4THvmU7VvfbqggZr99NgjSHovpmfm3bt7namMfgoN1V,Vietnam
truongnguyenp,Cyg6eBrhpC3hCPTutCxDGaL7KRoaPf8EiJGrDivDYXr8,Vietnam
kiennggg,Eg2tvuGbv5CiL5jaTiPoKj4zPRMdN3YPUxvCoRxzsJfL,Vietnam
jack.wrld,5icENuYkeA1dgPWdKjFXwAhkXhYmi6Y26s6PnJrSnDwD,Vietnam
.zbz,ZXLjkSuFs9TMg1DD39JUNQm4G6P8e7eiq9XtDXjYPgx,Vietnam
nhatminh9728,89Fh4QKhCEJ5rC1Bf4utchfmqPNejYTfjoW6VxDL8YqB,Vietnam
phungvanthienthealchemist,8RFzBQskQ2UntopxJrWmtRdP6jECUMqyWVNXLjHsAa9b,Vietnam
vic7935,CP1wdUNqyPphfEnRGASTCt4UHbBnD6SgVN9CLUMtDsnq,Vietnam
giangesley,9QFP1Lov78TzKXwJRNM5D81otb4QdTUxTxMRm1psHMnA,Vietnam
Subin_,6KbtrGQNx746bwL92Ju63k55UEBKTKkZ85gRLMhm1gPS,Vietnam
anhnamloptruong,Cy66eHC9PcTb9wqwU77vyVievDyzYSwdbFkysDKkBYii,Vietnam
hungit111,FF9qHSV1vsGsCuVCYPZGzvP9GQPwAJxGmCTuBXLcYowt,Vietnam
uyenvt,9hHDfQ7fkn6LcobThd1NUwLZaEcWfY7Z6m3aADFDEXHX,Vietnam
daylafatk1d,Ap4FDTHskBYEf4H8czP31pNgX8uAGGte71LHUTT6QkMe,Vietnam
Erik Duong,Ge2Km2WyasRXnH67gWSCmbrTsMzyCCKKcFw6kNEhAeCQ,Vietnam
jackfrost0912,7mqzixMJqiqABS6YdiYpwr53BLWkG3pWa75jH1xbG39F,Vietnam
mailee0111,9UnkuJDiFpxbzC7KasaG4tBcXasYD4YRKJA5G59Zdkda,Vietnam
miiiiinhanh,7mqzixMJqiqABS6YdiYpwr53BLWkG3pWa75jH1xbG39F,Vietnam
C2Tx420,9PgvGLksCa4c49EGuxSd7rSM9A9SseBk94ytbWEMmxW6,Vietnam
tidvn,9XNHHJDXixJzvwvT4ooFLfq1B1fW1815A1HuhksnGBtN,Vietnam
minhngoc169,F4KcVUjGwSL6dQrAKszDSMvSBojQWLmZ2SME1iCmfTXJ,Vietnam
jackandy1114,5ShntPmrfknY93aGvu8XPrmauM9ZD6JwybczJ6h39sqA,Vietnam
oliv.sund,63R3GvWi19R8bEtrmAxWsfP6qdirVQiYekxcuZ6F84Ci,Vietnam
_quyendeptrai,3masZ2MbjxmE9Hx8RquYYLEqC5ZfeXrERLKEsueewXuS,Vietnam
Thành,42wXLsDfVqCMZiRBvC89seKBouBusV56V426yuqTHr87,Vietnam
nhatsdevil,8KVvomptXsrEcMbQFa17HzRC4ZGcQqdRn8CzziUFLLQE,Vietnam
kimball2594,3i2ebkFLiYy7QRb275Xp9aHY5a5TfoZLnguALf8cUUpq,Vietnam
cl4udle,6QrhkwP6hUeJvj3QGW5jFzunJqDYeAashtiM44bPQHTC,Vietnam
himitsuko_io,3STPNovRfBmURrmmZpCEPouGHkxhTyo8hFNfFpeMwGF7,Vietnam
ductran2212,CrZ6q2XwxuiFXw8aTCv9cmHEmy9XmoSHGxgzxarNLAxb,Vietnam
ducbtsn,3D36K9MvzCDn6HqQs9xUtKBbZADqC8Uy5KfTTpt9vMCr,Vietnam
ashleynguyen0912,R8QZJKuXwiP1xKUcNtz1vsEbjwg5NSvxpzQnuk9WsaN,Vietnam
sonhaanh,AoRgas2WrLfnLfNPqkpUmQEPKhoELHwcuG4HLNjFMQRb,Vietnam
slayvux,6DcUGvNZ8BLw3z1bR4LswHPw3BJPuanAvb23wBhJo66p,Vietnam
elliesol,vJpy9DAveS2u4WtgrtPGdWvibx2CpvBhUJVp5nF4Atn,Vietnam
barov3902,9smeeEqP3Ro2eMAiXWWpNSN3PmkYroSH6vzPbc21r51j,Vietnam
danielbui12,7fbPDP3jAbkEVf7QAAxhBKHcbfLPttPkyXJNNkv62Xvd,Vietnam
0xadmiralx,GeJh5YqfiTbGDCtuMbR5sapnfPv312CYFBpZ1wARAk9U,Vietnam
locth5,BV9etPayZc2R7wQzsRdZvrnuSmHDhqwva7iR9gR8aEmv,Vietnam
mkhoaa,JA6ySU1aLuTzqfGoC1rmpokv7SjMZnrx3Tcg2WfEBh53,Vietnam
baongoclele,Not any,Vietnam
phuongdk,A8XBKc9FZ6qf7yBfJqGgFQ984KhVtUTpKsSAfu1W5pVw,Vietnam
 0xxhiro,8Fobbu8JmNvUxQ6DfLxXmuqnR3WxWr3QUNtsoDzVsvsm,Vietnam
solarnius,6yNL4z5NTPiJjxhcTAHd1EnfhtbP2EfTZBVZeYdKdLQL,Vietnam
Subin_#9011,HqrVcJeiJRvMhJ9EewNQg3FNRV1UGiSMGHwyLci2qFLY,Vietnam
lemlem_1104,6ojiycDJ5GpoUuFBSaR1aXjDCwCsZjRAoL6CbwPCdTa,Vietnam
khoa_0453,ChCfEXUADBAFdYwwq8r6MT6wxMkoF7ALGqFwe6DxTWjh,Vietnam
lantuyan,6BGArPopWvyMJvdujfSugqkPr236x6wWQk92nuSSdVgS,Vietnam
Hashleyngg,79EKcJEb65Cx3dmMELCmTyfwZda9d4iFMCT7kKQcwfT8,Vietnam
lc1006,Gwmh5v9tsWAaFo4LUwD5HPG5KSMYZ55JY8DYWvGECHU7,Vietnam
heng5500,6CLx3h4R1VfNyJypqt61ix2yMfJhqrySRXebkQspDTYo,Vietnam
phamhuynhanhcn20a,7waXkHo2tRjrW1Lzwyt1ZDSMpCaggLysgbH2oa9JAo7G,Vietnam
nerophung,FSTsJV6xM3H7Xmrux7bZn4HY26DPbeuWDAEjwRWeR8CS,Vietnam
chinl,3rt9GXTRYXsgwjwXAAwexdtUzkiRBvsYZ57BcxTXJSVA,Vietnam
zelda_1902,EQ9ud12VqKVbx9X1D5FMuerabAM2U2yyPHAtWYmEaxZ4,Vietnam
joy_0412,53aokgTcFupwHtGRqftWPp98J9616kwAQ1Y1jxKgG5mG,Vietnam
Lymbou#4116,AL5DJtfRBoKs4f6c1oG5QbwyMcq84nFkAEYDD2qMuE7j,Vietnam
haillie0284,DmSgQYspuDrDgvGSZ8xgGcrSLLRXQd9bceERw4vXRF1q,Vietnam
https://discord.com/blog/trinhducloc,5g2dJNp1YvSjRjFn8Rp49GCkMGA4z1kiwp4jCk6iGCq9,Vietnam
tamarinsolana,GYCHBCQhbbLjtcnHTzLJCXLt5DYSFSV1nxQFXPMYDScR,Germany
saggy3498,3MbPG88LsXwdiUvEZ1PP9sAJ3AgKHMhHfHmrMLR5HZFS,Germany
ladobitsadze,8WM8hF1cBJY93Zn3twtvVu6JrmmkEbv5VMaj3UcepwjQ,Germany
carlos_0x,9apnHjEQ8enLaPLxP7z9VQTphWE4nWqZcyHJYocQMpSE,Germany
basedorion,A6bh5tngHgeXFbXopuqV2TcWPm7fyUA7RSU2yBPfZ4jN,Germany
Woody6914,ABe7TYjMggoiUcfzjKj9rwAGcsViVHCgGgEimmKMbj19,Germany
bentipa,GbEqaptvEw4jGtpE7WEBSYZqHwhTBbeRFtW86wyoJcX1,Germany
HadDev,3SL9LGroPF7SrDbmwKFDmY1WrJjooYsTuVCK4TUH6n3U,Germany
yusuf.io,Axax1NkB4NLNq1KZt8zmJ6jXog72WfXQ5jiCtdDKGsG2,Germany
tobaem,6EBR5vMsoqCJhqbQNvsJ9iK5LgRq4uHPdcRqozPwkVMq,Germany
toench3n,3i5S8uaVNbKdru3hggsmE64JTeq8Bu4xMM8U9uKvtu4M,Germany
kirillmol,ChRkr73iayr9vfAcSoQuAS2gntw4fL5qmZgDPGbaf4u8,Germany
ieleon,6qVjoMn1BixfqVVkYt1b1oTiv2C5eJz5Zm77WJicyjzn,Germany
lvicen5569,6mFhZvwDWEesSqwRcBWSRc8a1fFbGNkSAaCeA8wchE4S,Germany
jaspercps,FfTDZaqQiSEtuLeaRZnZ2GHmkqRUxcnpEXbea5JWrhRp,Germany
henry_defi,ASFCGfuYZPrxFCcYRfwkQACv73dsfG9JLnA3eUuDg1bL,Germany
JulianU8001,GXZu5xExskXsLcqJdNHmVGVTJbQVMpR953NWL6zPmTK5,Germany
valentinmadrid,va1yPZsd2qieP5pE6gtxvAHkHKEW3qmtoZy3oN1GcBX,Germany
margaritawhynot,2UKqs3btdm2Uyyjt829NbuhQkz9UuaasGwmVtKxt2J6t,Germany
r0bre,robrerZh1xEKpEVpA6XbfZ6UKAHkg94RTh4UjZ3acPV,Germany
schicklas,7tbWXkBMcJcTYMjJEzLSyojPZMdivShwKBr3j3sdLfN2,Germany
jahris,AxSv4XsSeWisFhSq7C8MA1TV5BErjDi5K4zze6HPJy8F,Germany
stendhalray,3ZBZmRF61mnSiatnKo4zjampokXUzPg8SPT5jQ81mb67,Germany
drrebekkar,9ysW6r9St8683wHzzTB3GuaaXYSSt5RVnziv38JxtEQM,Germany
julianelusiv,EBkKBMNBqmuZQEykABNzjXUTcBGkoqBx8xRXJVt6zHc9,Germany
the_benjamino,9hNBQ1q9swSea4X6XYf25C771FuJQM8DgLQgkjCv8Mde,Germany
Eddernuts4039,evMVuPgXR2ZrFk5yLXUxiZFdNLEtNyoiocyhxQFqjBA,Germany
louisstakingcapital.io,F7yys3uDKHzTC5PV8GnuD2g4U4Kvkz8S1uX1AvveWa14,Germany
.robstanley,GqpGbvZ2PLGtbgEA1N17Ed5Cp4gUaSWnpgXosffmwy5J,Germany
mackiemesser,48V9nmW9awiR9BmihdGhUL3ZpYJ8MCgGeUoSWbtqjicv,Germany
maramelz,9E8HffEWz4bxsEEEsKTW6xe5AqBqasmBr2BfESXrKQ2A,Germany
maxh2onodes,Bn8dXAQUZnJbuumZocg9gWWda4tFxtFCwxPghoGZV6a8,Germany
Kerim1742,9oR69g1X1jymQ1rMfhYZ23Y9vxnpC1qJW3HmW52Lg4sA,Germany
solandy,AndyztbozmRvxBcWv5W6CDPpcCDXhY6T3aVxzwdoHmSd,Germany
solexj1000,FaRJMo2iTvAwd6iwmU9HPU3HktD19fbGx5zASAgK8vmS,Germany
eduardobustos3,6vofRQnLkcfBNQjfctygzEUC56So4yEbsYTbmtJ5QwaF,Germany
rnyhse,Gf5eLN4BBrrfadJs3sXyiaTj3LhoCdCZsgRpaKzCgHk,Germany
nelis.sol,2wy3g8KC8QQz92TyEhAxP63WZEdu4uRfnj58DRQmx2bn,Germany
tmcyrix,B9LwUYjbbtppfEU11RgQGy8nBQzNwduVGNtavFQ5VtDy,Germany
dipfit,CNCnPo5Fhfjj5Y7DSc82RDJfQoHEd2haAnTkAwRGfo8z,Germany
ricardocr987,8zWzM8NVDrgqZMqcKhESsTumo1JTyhLjRDpBMZBCy394,Germany
sleyn.sol,GbshiWDuMtRwoVuBm58zikSVEBtQG6qeH88T47Gho4SS,Germany
oyacaro,CN5zRzJGNqp5GNyfWjwSKeg8BuG5XJezAHMHfV7e69TT,Germany
within4d45,GGhcHWzPZ978w4iL1CfHvdzWSa6F5TzQnjKidvM9NKhB,Germany
0xskitz,7pdCfob7jrNEMCuVcnYhtg2AGykJm82ZZqxBRr8RC89,Germany
thomukas1,84pL2GAuv8XGVPyZre2xcgUNSGz9csYHBt5AW4PUcEe9,Germany
s6thgehr,6myQN9vzddHpWfWWHeqBZ4HkPEcQu82Ar5X2HHMTr1TQ,Germany
jstnwdev,9vL5L3AgznV3Uz474mEhT3oH95C3ApFWgSAHyiBh5fE8,Germany
zcase,9ZmsMUwP2go3Ue3RqxMs6CVEARaCKGMMYbyegzrVsYQJ,Germany
junenichole6414,4vdFjmbcR57thYAXxVeU2veZfXXHG2hzYyEroyYa6ZXV,Germany
olistic42,E3zHh78ujEffBETguxjVnqPP9Ut42BCbbxXkdk9YQjLC,Germany
n8solomon,3sSaxsDthaDVrUJQ6h1kVPCfvasoJFsG4Dbvi1LL8fPk,Germany
nusha22_,CHKutvbgGJeWqxbcmx5Mg7MJ6m9ykGjiyHKuYQbp2qMM,Germany
eiswaffel119,8SZdpvvRZum2pzn3ym1fk9sF4cNcQoeR5iBkVHuD8ZBn,Germany
.rudebarracuda,3MnccSoUkuQ4aqr4NWpTuisNVww7inDPs5z2HF95vbEQ,Germany
nyk_builderz,AL1x33zmwQq4Bc16SfAr9tooCTzaXfw5PsCegbWwac8w,Germany
kulture_,ACs2NBSCJfpsC3NyhjMfxSNuvsNN51EeFKbm7cd5baS3,Germany
superduperduke,FU5NKuFjLFwXABoegsdD4abKns82oh6z9AqhEHGbkLT9,Germany
julesweb3,7UtP9aK8EHSg94iRcLpMYZVnwNM9t1YrkaPUHGhArq1k,Germany
Maximilian2266,3LPh9LN88kxSe3shxLZ2R4jiNmHh2U2F9h9TmVKjc18P,Germany
oliveeyay,5nmoLTjaCYxDY2iZEAHEnbkTyPRrqtF6mrGwXxuJGr4C,Germany
dr.p3pper_,Ccc2V8EK1avXmAaN4uHvGnkFJvGPfpN16qkj3tgtcviN,Germany
deusnero_,CeybTm9ZU2LXF8SSeuvuv1Y6RTT47kHC9KMtN9uoCMgm,Germany
qwerty.1337,h1FtqKnroJr1xYvUjx7tSojEj1dSckVtCYEMAcWsqnG,Germany
jannik.io,9mf1rYGgsx1Py87PvNwKegw1PQwgzVeGN9MPByDbnAjv,Germany
m2dt,4NVqzeNPHP5iPcZbDMuoUMeh2fS74L4WyTCod9ADrJkK,Germany
0xnineteen,8ayr4AZAcNN17UCJUXe5VJtaj6ziTmGpER4fpHGpdbiT,Germany
noeleander,7E66Bx6S11U5AHkVVqBm38DYx4gJQouNYdPDwpYRw2ib,Germany
chrisek,6ZwXFkoKYevnYbdq9LfB9kvAjkHmo4kZrGrY7ofNyikf,Germany
maurice.xyz,B1mYXAmxGHj3ntZ86Uc8N2SJwaGo84AqRMY1CuBsP4Jo,Germany
fa8ster,H1KvYGqBK2eWPueq2cXBctF94c14BZ6BCfJd9tkm2NZh,Germany
kromsten,9xmXWUMFkHvcSaHantrbGGfrfWGT9rCpEXdHxUQbZvnw,Germany
myspaceship,5ccjnZ68d5CVcGAWfcS7rnNGKntSE9mQgZzcU9v9RZ8X,Germany
adambor,EeioDNWuuCfv8r4ppeHxrnugyoq2VB7xrNY92B8GgZ2d,Germany
solfoolish,3QuMzdeVtdTE4G1wpPar97NSTdzN7CHRjFhHgqhabKC2,Germany
sylvie0301,4oj1KUN2Y8j4HZxjbnSA8LDatvuGcAkuq7ds8i9L8mAX,Germany
abosac,8KgXnJNcfX1NpNygeLwcwmtpSv7siQByXvWNCnawybX2,Germany
ilovehackathons,7imyydbzYhaJb2GeHgDBpYyFJNY8TZcHZtXNkMnsYrH8,Germany
nikitafreeboid.com,3QWs1UN5aV2uLRVpnci3U37bsJQVdBGKWMHAxKB39q4x,Germany
eb2007,8tZMGbMbBU7B7dkDNH9Nwamo4ACYjUxEdt8UwPrpKBPZ,Germany
pfo_sac,AhFJ17wRz92LuJhmFNJrDXDZe1X9sekVfrUdpcbGZJjm,Germany
aswinpy,HDBK7A1sTTycVdww7M7Dj55QKQ9hEFpPrEBHYVNEwTqQ,Germany
mical6969,69UzAcdiEHRgTcHVGTSd59fiJbx5HyQQ58m4xeU8g4pH,Germany
sehejbhasin,9jSho9dw6PgEvFKPJGr9ZYv336EhCj5fd7L2dfixs44D,Germany
saraw54,2scbyvhGgY6xmEB4RzWB2BdvsWEZv1pBBzAEpC5vPAcf,Germany
Elizabeth,DygUacnVT9tiCk2qiwiWFtZhc5QXoG5o8T57NZnRBSXU,Germany
Gesa.Schneider,Ec8aS8qZe6Xmi5kWFJY4tsGWSuvU5RTCdNoFMXxGoMQB,Germany
dodecahedr0x,GNa9E2dWP8e2fg23pRJoiCvJm5cbzomm94YzotpcRh7A,Germany
bloodyb.sol,HJBVadEgXB5TB3V65vn6gYvUvfeXtTzEW67kiR245Grf,Germany
phazeos,7JAdRFAzHMSVBmHsDqsviekZXJmE2E5kTMnEff6n2wd4,Germany
arthurpfz,8osvtXkazumzv3Z7B7f56K9MsLf2sQzge8qbnweL15nm,Germany
swenlightprotocol,EkzM9Vn5zYVGe8FK61D77mN4FGtyUtWFyBcxu5i8fUuA,Germany
omid000,3RMzZL2oEcUDtv5igCXUQhCpYU2dEJtQZSWMpor3ptLD,Germany
robs_sf,688Y7WFeBFyL5j3SeACTrFwd5d38En8TgBAvgHEJkEdm,Germany
burger606,2N6aJDX1TNs6RKkPsuufbAe4JjRAZPs1iLPcEUL4DX4z,Germany
lessgo.sol,HYTC3HeNpG6g2YWGEajKQhobW6dn9Q2q2tX6ZoWwQhxB,Germany
zenberlin,AmrfRqu7mCyRCakedSQr3b9NbSKu4KzbwL78rZEoippx,Germany
Done ,5j1D6nTVdPnAa7rnWikjivQyvzKiLsW7rAQvS8cDjtsb,Germany
cookiebite_,BGwufvTDtgcepsgkqCEVfPjj6dPLTQ75h3icFKVwFzrr,Germany
Nauriculus,5NVPzyDmaTH6jfc3fGY6JZK25vx1otYwBjga7gB2Pkdx,Germany
futurekarol,Bz5mSTDS3k93ngSNWCB3g236noMm5p6BqA7JZo6Au1wi,Germany
kz_orca,5FdyMymNMZxN95dKQc4R7qwtfVgxo8PmkYZhV14kRhHo,Germany
bangerooo,okrddRgk28JY2uMNWv8yLZukqeqtrZGT5KWmyj8sgUL,Germany
c4b4d4,7fmpv3iEP1EYVgbnbvfrv8r99hdqpvGAPmtkpqGXztAv,Germany
travi3000,5UPDbZMnY3jj8NeqmacjGTZfFwffiCv1ZJ7DV8yk7rEj,Germany
aarongillett,9MEBjAxH7qf5Gbmrd7oaJ2LWS5CvgQRwbgRXEpvthGZ3,Germany
brunozell,CcfY9SjhXkadyuiLvhzCjJiz7faHubwkJi6R56MK5fyU,Germany
mimimitina,EKFDusMyrv21jf8kw4rAqFxH4r1ddT7Wnkq4AExXXUVV,Germany
always_k,Gz4eKytRWAHqd7VReyCTmKVkhEJowZnA21nD834LkNpc,Germany
wealthineer,Cf27YHqwJjHM5vTVdrvrA2DCs1DGBTRZD5i7E8sGXsXN,Germany
matthiasstakingfacilities,C3i4RxPgZc5HWwUASt8iwNjhM8gehJ1HK8gAvj1qRLBN,Germany
draven1460,H1L4fh2SLidHc9EPLzN7X9XvsyApMwSPvKq9pUBKnogA,Germany
ericstakingfacilities,5bZYSh5EmHF5G8n8q2iAZyQk4R8oZq3oRZrgzi9Vd2yx,Germany
Tbd,BZx1gDTwrc1Xp6ss3nwvQqNZ2rRoZ3U1iPbtHUgjFTZB,Germany
vickchick030,FdkMcBtSdzZR4JdWL7JBDtsb1wVQcs2BEJ27NKMqyxSP,Germany
Chessucation,2wSA9Me8RKAy4R52DAmMmoc5mqEP1kiD4tw8PwX2XwCu,Germany
paulinberlin,3L1hskNK1F2vzuXiooRo83PTcK574EX27xAUbBQsB3od,Germany
crypto_saubi,GhNHzD8CwiUcouwxhwmTgDCb5voQivyVhHN9A1QogEpt,Germany
dikshainweb3,HqW2guHjgX9QGZBuv8Y6FWbYBKaNmmm2r72fEhEj7Fnj,Germany
shouvikghosh,9Uka6FfVUrpXv75i7T8mNNbvXEwDdfaoaevsnyHXYk98,Germany
Unjustmouse,8ggzVmKVqn6sXsYVxjeicYWJHHS2jGiZRrzT6UENtnhY,Germany
bredi3625,8BpfBEhzabWh5LUZCwieZ6WTeAJ4PcaR3ChCy2sQXH2t,Germany
Levinblig,8raojSenxhnm3ec5LjwiA75kkx1xsazpu2ffXfkxYaFA,Germany
didierfranco,91H3YTzMZhphjVnLUYcKg86uKU98XYnMwyjtTKmGrAZn,Mexico
rexzu,FR8xfVRg7q1b4RdWFFzpeVkJtR2czHnwLqjV3FQfaZS9,Mexico
thales_hxro,AFFrLgJ2wJwb3tTF6J3sde7b7a1Ge3oY59bWVP4ehoxH,Mexico
yosoybartsolo,5N3hEDkyCVGPAZjESBmutqyKw5Y7TTqTnhr6KYR92Kas,Mexico
gabriela_iru,3VNsiRsfTUzFHyJ8fryjZHqs8f5JToGfF3Vo4vfusqPd,Mexico
el_otro_kevin9203,9FHgQtD2mCBc6njCJgDPTWudgThRMEvCsyLju29kLuwY,Mexico
avsolem,9gRip3aj217fmworgrSZDugFXnonDG4PxBmm4s4bu8ni,Mexico
magiobus,HLRnHR3KFYaESJdTh1AbETfuos4sbytAjQ2RYgRh95Hx,Mexico
etherfuse,BBn7mFfkdcL7Tu4BP3rbh27Kkx4PPHXxf3fwvtxkdADt,Mexico
manu_7u7,9eLdGpYXgAXGaJQ9oKePHmkbQc8ZBM9ipejY4QR3nxGg,Mexico
itzeeel_cava,H2yLhnBdLAZ6ZAWC9ZrYVe3TzyFAE37X2SwEAeqHxw3t,Mexico
shabaraba,4DKDj5DzTGwmTpPHYoJ6t698Wsq7FN88CL4HpUWJpYeW,Mexico
arteagamer,Ba4k1h9btjSkrgf5RgaFUhYzFff3V78E9mHYhE3bYqro,Mexico
altaga,6CUyVhEbbtNeEju8jNneKLJaLHyQANyscN1CVKVg4TQE,Mexico
alexsanc,7FesyXqdxiFFNWHFcskh3LpPZCzAQDfMu1n1S5SjuU3d,Mexico
Ledok5269,7YTqSJnEquaHS64tV5BLVYxTCLfszDX23JtEmZ9Ryn4r,Mexico
DVID,EiTa6DPNgykakEfgH4uaMACXYrFRdSNDgKEUuoXPWFVR,Mexico
miltronx,7WxZD8xfr5rcKeLZYx5t4D1gpYZYtd8L16hpuRn7NgmE,Mexico
Emmanuel 0303,7E8E6Q9Abf2FvZqX8Z5P2mmDk2T6BXtMGNKh89r585yD,Mexico
miguelvalverde33,f4UYGgxPfnYhmHvweRr6Gaa3oaGx2D3HxH5f7CyNbiT,Mexico
midrava,64um4r4id9owyJy2cAisYCxHLwo1uK6dXjxeDygXoYCy,Mexico
Purple333,EJ7rW6fXt8aetts9eXecZQLJP3f2k4Qahy8NMoQDcX4p,Mexico
arandanyela,ACDm1aqsrUDgrMneFEbcm2UnbbjEyzMKQthHGmcvqW39,Mexico
josuegarza42,FTpJtRxDVQSYn4tWrnjkfMwi4QM4LJG4wRxh4o2cADjL,Mexico
mr.clutchman,E4UoG4a7PuLYmMkFUVamdBpmzSCoUtVicjFNj5Yuk39K,Mexico
kirabelak,2YUKnUiWo65hxd5t7gKCiwuomzSJ9ksb2fg2NUHFCKE2,Mexico
mx1992.,CzMKcy15fM9f9Jd2Du4xXe67XJHAHwiTGiFSwEe6coro,Mexico
_0xjesus,HFJEhqTUPKKWvhwVeQS5qjSP373kMUFpNuiqMMyXZ2Gr,Mexico
carlosavp,Ei4bNSzXB3iXwEFB1ET34fDgmBXqbZs7QeBFe4BWjXLE,Mexico
LSP_1648,Ei4bNSzXB3iXwEFB1ET34fDgmBXqbZs7QeBFe4BWjXLE,Mexico
inesgarcia,Anwyc1s94Fs7hPEm6ohuYuFXN8BMsXJZRjExHziQN1sj,Mexico
diegopartida22,ET1ZZPrrgsVBpZqyfCCE4JP7ZnY8wPfbJYhFRBeHWR9F,Mexico
netrunner57,DGJdZRrFTBes2ia6k6otbWcm6M6boUUc7pEzhcWXTgk7,Mexico
xxelmaiky,CKPMjiqp3aqmo7uydkZ8KRVZLB9sxJfPGHvRBoZdFEHa,Mexico
eljimmysnz,BnyPvSWFwENKx8mmPyR9VPawr2VuTSkV48Zz4Gpvb1UM,Mexico
danmoca,FQHAfveHaN8W6CqU26QsTKPnFDAc4ajb8nkt2B2xstDP,Mexico
navinft,2kjJpbKPQTRDne9aMPYkVHVSh4EdL4FdEi3ecbFwKHwj,Mexico
salomoondrink66,8XnojAzGCHobxvS9vQ5eaQhomf5pYZs8JYwYhyM7it4n,Mexico
skyness2,Calle Mariano Ávila 158,Mexico
saoko1x,2RQcJmb6iPqj9AXgrjh7RYu97RpucguHWPw7MJYGWYRr,Mexico
cabrera333,GTt229KbjoFDTdhJuSQwfc9LL5s7d9doUL2oW4TpefQu,Mexico
.rotoplas,F2cHF3eo7NFzDTPfkMJTiKxZhx7DxAVaYoek8mPVafZY,Mexico
.nathan.lazo.,EjzqNnhUGX6jnaHimS45BaHs9ESb5mTCDH3ibWDGM5W4,Mexico
Un-tal-Rufo2424,9Hjy63VmEi59UrDRs8kTuedSNV6fJDogHNQrhfAQGAj1,Mexico
lucesita1x,6c7SwjhoUE9yJkE9CC7Gi8VbzNrGpLUFoQaWnoJriSeR,Mexico
cryptocarnes,2RmSriK2bHqgCBxsozFnFJS3BSTuyoqeQ8jLiRWAPT1r,Mexico
jazielgs,BQmtkndCnX6ULfapptrWG2XaVSmKjeTYm7JexGWHLrPC,Mexico
incaroseusa,FEq5jY8q3fY8VCMvra7uAw1Zpr3rSZTYr9ADuZxp8HUd,Mexico
avectats,HaNE78PV6fPBHTFjxF4Zpmi8EqJtZ2GKrKfsPYxChp9a,Mexico
luisbpalacios,ER9NxC1J9o3AsSytz9efwfjr1CodQXb9qzNcDQi2ZTJd,Mexico
acidlazzer,GK2BoAfNUT2G6D26Ctf37GQqvjdUhNr2wfGuRRkbRzi3,Mexico
commodore_64,EizHHQKAQxSBUFEFt69uLmDtxwF44unADiwnKzvaKrRU,Mexico
sanpa.xyz_86931,AxDeBo9Y6XKRuuR9iwzgcZRvkZ3w2vWnhq7E5WHyihaL,Mexico
.Ksher,ERA4AyVt2FW89wgVytP7Ztwc4HPg3r2NgK2jTe8KEAWi,Mexico
r3tr0_01,6zgC339q9sPCiWt53NR2w9zKSJhqBdi8j2AsD7YVv3Ls,Mexico
Asteria4444,HQ582dYvbbTu3sTino9ruYX9RqEd8ugziJQW5EwURGuF,Mexico
alancr7146,EgmQ1GUZcfQu95KFPcFfZimCEMUMrhK1SYN2onrRqi2k,Mexico
laemD8,DoAQVN18eaitXpxbhdwq5bizqYAzxFimrFZ2XwCYf6r2,Mexico
kryziagrom,6R1DeM9fLoNyekeaeY9rj6yM4q3oxgQVW5RC9ZENRfdh,Mexico
yedid7,zUNAp2bsTb21VbhN5jzDbJfPQh6KQ5hUrpXENRvXti9,Mexico
neftalilimon,9fbvK4wqaTZBrRPtFdD5wymhaCqXwwM7krGVY1kuYAq5,Mexico
isai.lara.14,DLzyu8DnpkFsEGM3fTpdxYiYGM6S1VCiUXVjFLnb9vsT,Mexico
namanchordia,E8ysZkqQX9dgbadKcDALVa7qpyPiVJS7xjV7JL5D6j8g,UK
capinuk,8PhnvtQjE6Z7Xqp5EgaAGcVEtGAqafoA5cpWT8VApM2x,UK
transitorymask,9zJrTvEsFLcRQayF6ekRJx9bEcC6jSeoXrfb53WpfqPM,UK
ZeroTimeDrift,EoY32MWWQEts3mACAkKkGoqkJb5L6QesPys64eQxLRiS,UK
jooski,14kVL6sWSc4oX9rwcJU7aMHMLMjsEfpXcAJf68kmsMeP,UK
slice33.3,3xC7swVPqJBBtSb3xb5AHQqXWN9ACmNpAgR1tNJxzKN3,UK
nickisokay,6PRsM6PF1EoP7ssPhpRKfg2fbtYY1yKZ9fPkYmiibJ5,UK
mikejagga,GKRDGkbMzaeirDxTMmfXZyqp8uYQHuhwFLZKWc7fnFnq,UK
web3esther,TPFwNh9GsXCtcLjqo6Xwyu92pWU2FY4V6Fr3isqqXkM,UK
0xdistro,9RsT8nDGkaAc8YvFfYr4Cc1spsq1y1jXenHPx9W91xcW,UK
realember,B2Vh4JS8Q5eQawJZUq7JbmNdnyDRvBmDsFHas7havGxu,UK
kdot8394,5bcYQAtbP8jHm5A2ihBczA4WScBcEf2CGtsnPh8pcW2C,UK
bu___ub,7bamStxheq9nXtj1PtaKK2fs8EQsuLfpD519aCRDpPRJ,UK
nick.havryliak,5dnq7sWrQx9pAMkY1w2bsvw9F95idS6CS6x66w4bqh8L,UK
zhesolworks,HAwiWQnFY4vuEfWaZbF6LAvLuGUsrk5mtdQF8rDNYh3b,UK
bad__religion,5nFLSDXsFGcRun4ywpEhQkfQkcGMLb1xVGFr2dtPHzEp,UK
DJTRIXUK,XcJ1qvpAbrSk7hGkDwrk7YzcfFGqjSd4tBSPx8191x2,UK
abhinavgaur,FvK5fQL6E4jmNDkd6LpZkdgHg2Bb2ogL9ay3iiQ5K8TA,UK
.delasol,AGDo4hqAvhLJui4HMkJbA8Dq6ddxCAbKyqMwPXCwpXhZ,UK
chrisdotsol,9u4ZKzx4o92XTCxQnTeCcJnB8QrJnT7NnuhhDh8ocR23,UK
callum_codes,CtWERMNKhsMy2SX564sCPWVMd9LND8aa4jL3YJzdurbp,UK
garethingham,8H88egVY1WnfqqzWZ53EmLWSs99YwhnK9HYdd5HzXdbs,UK
bighmanny,4eUUPM4oaLcfqikJy9gp2JJwyfCxPzHNcVyJE182hpsK,UK
t01stoy,6ygiKS6AeoA1u1vegCHvwgQUSVF7UqPxkoHY6kJ8ZU6e,UK
praneet_sinha,C7jY5A8JapQRzEKUcN6cXuiXA6Cv1AP21wsnXVkx9RBr,UK
opmhero,32HBnXtGjhDPGZgYYQUPgeJJUGw8WZjb1ZLsxpynzUeu,UK
gmaflux3,65tDbkqwCGWgNP7LhQuQ2bG4U4XPNEcPLRgkWk8uFWNL,UK
Ryan_armour,ET3UWxhvThji4aeMEwqWuoDK3NAswRVxNbHrn2E2EaEF,UK
staccoverflow,Gf3sbc5Jb62jH7WcTr3WSNGDQLk1w6wcKMZXKK1SC1E6,UK
lawcode1203,Egvf4Eta9PCGReCE3nGPTZTstKKxZvykCr7c282Ejqi1,UK
.mcval,7ybuHQDeDoBP7eyszGzH6x9pJQ9w4JP8oLhF7WKdRmzr,UK
davin11,7LGe5vxzKU6btFSZdyNuvdpo42XbXeU11QgHuYhww4VE,UK
solusrgb,6iAktqS3suzhYF8rwPwV6rnVNo1AdFQyngeJvSCsNTfr,UK
nyanni237_,HaXMYqHcd7nXCj16aZzh9BHCANtwGHkmH8JCe1btKjoi,UK
Fwaz,BteSVuijSF1FZLi1rUHwaHpnWzHgfvURLeSAgTaBABME,UK
buidlr,6GCdFZrLTapUhEvH4RAb2gCs5q4eom6CNuCS3K92ivuX,UK
soundy777,51T9eAHNQoT6KDxUeBEFRKji9Jp6ZdH8yAeXaphGQgoM,UK
rustintern,8uWh6tX1NuHna4TtfViNhrMb7yvxSSJEaiLNUBaYVJ4v,UK
0xBola,BoLaZg5fcBPjRKeXNmdGmdMjNwBnUGVg991rdr24U342,UK
Thekamoka,EgrS1cNNfw6bTgtNTva9ybNXaXXv2uvY7nhYyqoxL5Zb,UK
danjcalyptus,DgHP5Z5vTxPYCLMYVXoFQhakvf5RP7vSCmT3LEaefv7m,UK
degenroot,HFUCZtya3Yh1GR3CPbdj1amLStb53myoeqoC9HG45Drr,UK
.xyzz,7DDvYJXvyfcKJjij1DFgyANz2HFzM6xJBw2QMyHpWHeQ,UK
Zebasher,H2hAz9ptAGGpCWnpegNAnYsk7igqFoUccH1g6voVxxoX,UK
xkonjin,Cndb4g9ozY3sLL2znDCqssBcCA7o71tU8ntii5tTFcP8,UK
loris5388,LorisCg1FTs89a32VSrFskYDgiRbNQzct1WxyZb7nuA,UK
pure_lmao,FnBD7DgBpVG1pEkhWhDayacPfN1qQuUrV2RGRocMb8aX,UK
GmGlenn,F9eZbSJWvH1zFka6h49whnpYbKti8YMsYQMxYeiZQYzV,UK
tc_deafclub,EgWM9TgX6hbBt9DVGqEaEnRmsiKxETSaeH99PcRKf1YG,UK
danielww,5PAwRPFatXfvhMbLwjCjeKE5Yr6eJrsXnapvEadTdo1z,UK
twittz,9dqQ2Cm9tzBBeQ8R7wRfQzAZ4wMmPLwEeHXvMzVE2oP4,UK
HQNFTS,SjFoF9VFTZG5vZfSPydfSa98ehT7SWZtvGpJ63w4sfP,UK
janine_28648,4giNL5Thuvgv7Hx3aRP1qDnFAYZHk72o5AMMEWTXXGwx,UK
m3taversal,BQbg5NeqmkexvA7XpjPqTh1Es1RTdVTsAjCgGYviHQUp,UK
cyronica,CWXTmmAT3mcyVXKc2mRsq6XatVNvKMuz4Dte1fEBxkix,UK
miguelcores,AR4jrw2GNVJyQ81pn62FTsPCjxzVt5gHF41P6Mqk4WNC,UK
uzy1000x,EQT3MCXqGWhcmyTk3hwnwpibxs2Se2VdNK2feAihrAgb,UK
clive0x1,ESbCno1TYCwEc8MUvnt51CQPLTF8YczzrJ19zTFhVJFt,UK
atulord,HXzQxX8pXGwMNmX6PFYGkFgNACj4cSXSzgB5QTZE4yjV,UK
businessmanager,DEijxEfKJrR4g3ZHWpp9bxtowN5MnfR2XgXDAtBFMive,UK
hsk2022_98659,DBJyTAPoKQSXvqeUoeVnYUq86vZiqgPWmXwV4gahSCtV,UK
achello,3sxcXAvvzms6Yoa7nzbYR6duJwt41Qj5cbfvnwEfX4or,UK
mapmetrics,4aD2rDDoHq1cevnNCjr8QRDyvkUkTYhppj2i6bEBoQDo,UK
autumnmoon2,2gpJRPPhCZZz8zWXkaF6J7KL42v264o5VmjYLonB984n,UK
Iammrharding,9sskmXeRGkv5EDZfwFrE2zoH2dFA5YH43w1zmufNij61,UK
King.sol,GqAetBmTf1GHU62QDDBz9nNRg8dpEAnBS5os6LouXsKx,UK
nahid200040,Epv7occwTKVxCBPagMX8xANQhNEnxGFEnWUrvumns2Ts,UK
maxmarian,GGhCw9DFRG6tsEVMTQ74wGmwFjzkCXVdwSpSrXAYtsJp,UK
skilurus,BED4AEs1vKLCpCeFpEzZ7TDUoXoFscnNvLSrNHvzdXX2,UK
MacD_MetaMacD.sol,8NbXV7LAbDjiFZH2hkWpLviYFBytJM6LtBhFUXbXcLnh,UK
Bockus,3nB6UwmMZvnmvq1Ai6JgV9p9Ftj1k2svVBeHKiAyy8yU,UK
girlnext2doors,7RZFmmijJyb7no5R8MBSJyP6X6Bf6NKsh1tuh7jP6NQB,UK
thecloakdone,2wci94quHBAAVt1HC4T5SUerZR7699LMb8Ueh3CSVpTX,UK
solari_s,CcGYNj3mX4qt2rs2GzphZo53ckjU8Z2MMj5bkX8WNYtT,UK
cmscrypto,CTGbqe2Euc9AgqLF7gPvgLJ7nyedrkB8A1ZKX5PiCmcT,UK
Visualverse,4KFy7CuJYUyzF3E25uc64B7oXZNr8XpaxUDkoDGoGo5i,UK
Devtonic,CRYP2PEnTTJPDEr6XfkGaK85hMgUoqEUMhaeEeaK6JFg,UK
JT1UP,SP3WXDAJJJYXYB9FMG4ZPVVKCAN173X4F6TV9H47B,UK
Sguesty,79Eq7FuJpewm2KtuFNFuy4XpiBbjL26fghaGDwrS7iXA,UK
innov8tor3 ,TBA,UK
tizianomosca9,7KXLLahvRZUB6m1D1u5Y3gZXD27jvLAVCFyb5hKyx91u,UK
endhra,DUeuz3BzB9fHmfyPsh1BdMg2udstnDCHQVtMoJ3WwXXd,UK
Blokculture,AWVvmYEDFwJMWQvUCusKkTdhQPRqVrjPHMKbhUXdGP9H,UK
Honer.sol,CSdoPLXg6jYQgfvrpvBQ5B2V9iveytMdUmdhmLpdp374,UK
Dean_doodledevils,5NkxEoq4CiGDfVDjCnCKmkiQ4oDMoPyHaZZQqBJK3eFz,UK
singhzunited,6xoDuWR9sWmv7KicUzHK1sG5xyiZaERo4X1rgVa8H6UC,UK
topjay100,H9mtmeQyo4PMXQtYbABBpKz71ZYbngF7QLSb9XCB7CoS,UK
degenroot,HFUCZtya3Yh1GR3CPbdj1amLStb53myoeqoC9HG45Drr,UK
harrieBHere,BqAGfM7fDwbtksUvyJbLyoTG3ABJ1MStp62MHW1q9CY1,UK
adamjpd,2F6YafCNDXjWGU98bJvYf53k7gz1bQv6ULhakRpDyk1H,UK
mitkopitko7,E1tv7arL8pi3JVaC6MPKpRHaJyQacoPSCTCHiGoFTLTj,UK
Haz,B8x3sC5vpcvkHjxACSXGgn1HwivP4D5hvPP1EnLP8Rz8,UK
J264G,Gmerj3pUuR3ViJVbw976wUbUPHkqvfRRRBtj21YRM1Ch,UK
xoao,AfDhjKAgd76yJLdp5xCfdH6NEcGq6EXdHpYd65PxaS6q,UK
speeks,7GNT96MevSw7WbFefrsAUpxkTvPJGusNVcVrxHs8LmuX,UK
heavenlyflower.,6Zn617RxAXdBAntj98dBcw3MdSFY1fzWyzoxxZfuMFfD,UK
veets__,25FZNEWdTAooS9xw6cAskmwhZWfovYwtgeQY29fhYXBL,UK
dank6666,EnF7z3cfboL7xaksxdYnXNRBkuyohoZ24THxjPKNUTjq,UK
czamaru,Tai32CMpPaJ38rWKdDjgRY9W5UN6AnuzqZjZq9sEiam,UK
fuzzy_lawrence,8JQNzfJQpNLQYQiiMrwLp5yx23dAN6TGp87Sh1diZnnz,UK
0xstyx,5eRNegHFYnjxPAxDVPZAjt5BHmmHLseUyBbEoFmN4uY3,UK
skilurus,BED4AEs1vKLCpCeFpEzZ7TDUoXoFscnNvLSrNHvzdXX2,UK
marco_squared,2V3JrLi3mjGRgGeCLfJN2HdGVELZmxGASwgLMUFDq61i,UK
crypto_bammo,HNJ42HEXHeJ5SXWxSPNxPyohwrJmEev33nU6i9z59bDL,UK
dyl_morrow#2026,7ChFB2RWPtomifR37Fzxfes4HjcWwGt3cGvuHjyMyL29,UK
Tomrowbo,DuePrpB5NtifjQDFCWGG8nVUAbkUctVK77YW6da7JLHQ,UK
keydesign,Hw8BBpTC1HsewqPfLmQWsts4uM7BoMUJXoS9LTEnFQWS,UK
alibabakun,5ta1LsuqcVX2FG4ftA14CiNMQ3gSQBaWG97ogEDDdhwE,UK
0xjay.c,4NurH3v9uQhy1BiFPXPahfnU2jyRNtLYZKmhNwo6WZx1,UK
Subgang,J64NgGghsLqULMGZzT7QbyMhLKQvtvefXs4q6ymv3Zj1,UK
henryhankin,AWzQKqLMfKH2y1tNYe3qFwA8dmEq1T5NZxH9xrPT3T8J,UK
@JungleLaz,Dn7DQNgPBeM7S7NjUu2rkU242Up32ZGcVBP9U24bcHog,UK
lcs2219,C55jbPA5QS541cdrXu6ZwQLD7bWhpoZGLMZRhqQdcZFy,UK
cashton28,3i2LYektEVNdkCqsBXdCMp7y8osDcQDKUMamzTC7u9sb,UK
ChefGunny.sol,3FfQjNCCzLbDAe1VikwG59vBvTS1rpbs4C13HHbGvTt4,UK
0xbopped,"Couldn't find where to connect, ofc happy to do so ",UK
markhargreaves ,KiLNX14oarNZtEiARRWKZ1BvAVZzM31qGjs41KaGEvE,UK
Supremebaker ,W1MtBuCiEwcviztF9vDzsyBh8iwC4SMqyGm5tVBxVwL,UK
NFTWAdam,7VSQWsJADHnEcE1dm8bnVkMHeaUVkdJPa8nwvVianZBT,UK
Larisa.exchangeart,8AL2PAeryYgXKNfqyuUs3FY7LXTucVbkgPDgEytQJMJC,UK
.adel14,7Nzq9zFH5rBUvUVcXHotMDWnY7ibMB7gxsmyrNY7CEb9,UK
kasper4621,2uGLyxPZb7U44gVhXWGoS7fJJBmM1JLLeQYTvn8P6fcu,UK
jbbenjamin,DtsMp9TqYr1M4K66sCjQ1MVLyurnYvoVFCaXPbzszVcN,UK
ivarthesol_less,65yvFXEiDd3UFsFC759WC3krcp4Tda6gpV96XJJSxYmB,UK
mladen_grvty,Cn2xhEe3XTwvpTwEed6zkpYB3uJNPHFpREagoeL5RAte,UK
heydee7491,EQFvu3UbXnTqw4Fy3V5cwYcuL2488NfxMDDEzpSaeKmG,UAE
.spad3,2uBMya1MNhvd3HreChSaTyvSmoqPVvwDsUt4PNpCGHTr,UAE
ascespool,6eGKgDhFAaLYkxoDMyx2NU4RyrSKfCXdRmqtjT7zodxQ,UAE
mabrehan,36Zr77HwPAJzr5zwy1iDVRh65PqX9i4kYwGFvFYhnsXD,UAE
aak.sol,5Arakn7JSt3sPkXdWvy1887Bjd2d755b57BTEwBR7cW3,UAE
xoheb,JwV3M6PvMykzYeQznSeZA7WdwTvyaXCC4dFWoKvSYZS,UAE
farhajmayan,7qSwC2JZjJmKntZgFKZukxYzCSq2eAKcd3CEazEC9pFa,UAE
klasu,CfhbiKS663cC4vacRWPSyoqiuyJLJcU3nX9pcwxLGmYb,UAE
pranitgarg,Dxx2GPVRQzQxLsFBmKWkGtLubqbY23HXwBx6EGTYgCnK,UAE
firas_mtz,7fewtCqGwPXHnQDMFcc2WV7mB2XDQ6qYd312jLRzZswf,UAE
timsage6887,A2n2nSdEzijZ1WzuyGXo63s5sERwcmhApEM2TPbrgmB5,UAE
visionaryaamir,EQbAkhCTjRnEyqJSKeSSSCGUk29YjJ86yLx3rY9txC4E,UAE
jiggi6421,55LLhbLvjzL4Fn7tYq7qtMkpduzcAFfoJYbr896YXXLn,UAE
afscott,8VfUAxXgPythY5cKqbYBnV3w252VZCVsDnDPRjnj1s2W,UAE
e__mk,Fph8UuTEtaBhtHQiePrsz26SGvcFdUEQ4qdZmAx3z4Kv,UAE
ezstake,4cJ89JBwAwQoDnXyB1Mgqkg4DEpfmfMooQqXz6tMqXHL,UAE
0xtwoya,aV9fNa5ov9ydRDTZT5SvJcL55PPHvvJ6XYU95t6LMib,UAE
zimbarra,7oKw4oRgRfBzLXuJ3GjavHWMR44zp31j9XHqL6QuzK6B,UAE
oluwafemialofe,DwbD39DKpkJCqN8Q4EaKNCMHeJQNisouoQasS91f1iYK,UAE
Nftlabz,5i1A6fhFUQcsh1JHZDWFvEGSF1sxQGNMesUmgVegEbxf,UAE
0xjay.,AmPNyMufsetDq3kxaA2SxD3tyChiCMwHpDVo9K6z2jo7,UAE
cryptobae,3BDRKt93Gkxnka3zoPT8Yt9pUxkP8xr2MgPXFRwZ5qKv,UAE
.sherryp,3GiUbVu4yuaQKy3KnhkXtcghd34TMZCU86QHtcdWvfHa,UAE
@KenNguyen9x,9Y5tE4B5qmZ2KqVh6YRNW79k3k6FJve8p35HZx91NSwi,UAE
c.og,7z7Q3UH4cMxSNDTATsQcC34rr4MVA9ydqpbeqnU4q7ba,Nigeria
siliconninjaa,ERbjZvbEAGLELZ2ibKYrda6qhTph5rtX6fd3apJDGbnr,Nigeria
adedamolajoke,3kW9VJD97i4xMhZWwLg2j8mzgR1Jd6gv7KDh4Ydag4Np,Nigeria
zuby,Emye3V9RDdYED7GFKhGb595kDQuFjkAfaGfnu2Voeq1T,Nigeria
jimii_47,7wdrwB6L3RriG8w3yGkjmpTGLQsRb4XZtjJwKcJ4naYE,Nigeria
Ozodimgba,Ehg4iYiJv7uoC6nxnX58p4FoN5HPNoyqKhCMJ65eSePk,Nigeria
alexspoof,GkEVXEapXkxc7pScePBP37BJaRBycyEPBYaS7uYJuq8m,Nigeria
dannyneche ,22iteNjT9PAgP3ABtNKbYT9yHTuF4zWd4qPftZ1A7uyy,Nigeria
5talker,bLr3pmgGtzhsgnCripzmvqP1p6K1yRDpeE4rheGfemr,Nigeria
emmybuoy,7j3QeyJRf3Jwk3RioWHsmSNfYBMeZsYTtEy5Tey35Vwe,Nigeria
seunbayo,4aGmfcpMGuNPVKNfqaeRu5sGTq5ArR15Zhc8qp3XbiV7,Nigeria
harriobi,BV8hvnvcJxoWKgLsqormhCMC9LbjV3hak6TzDQmrTR7M,Nigeria
BintuParis,FiJpUAVjuwXPD6RYXgZsfpbuK6c6Gn9YsMmu3K46aspB,Nigeria
ObinnaMH,CSUKqQPt9GinECfLYDXDic6vQiwf3cQs1ieeUXmZGxjo,Nigeria
DamianMOMENT1620,DPNc8heFRU2QWb8oPxPUEsWh8Ce3PbhGjncnNbAgJcj3,Nigeria
hybridthegeek,D6NiT5kUrzVGeu3a8NaWvP3Nv4iVGbPMqTyK1PiT8RdS,Nigeria
scientistjoe,CLcXVZpCwF9QH2aNjFhPSzyeUVifkP9W88WHwfe6sMww,Nigeria
schneidershades,6CFFavnwUjoJpz41Vhn7qT8CLauHzU2QbGuyaFx642Cw,Nigeria
valucop,8RMpimGQK5d5PsKukwzqYUNgri3P8LfaM5iXerhDbVKR,Nigeria
iaminiekanem,GXqi1NfE4gNJHbpQQhcSE78PBWd6pimZBiedW1Tz2knJ,Nigeria
chiamaka3278,6wYDjWUD8v6zB63u138hkq8Fj1mRUxUrCvLrCxYog8cL,Nigeria
bigjoe.js,EFzmBNRFz8cDpUrN8vMjh7jQexiWQr5E7LTzH9vokLMN,Nigeria
dev_tochi,DpmMV7knnwZcBeLXv9dX3fCHA8jCw7SA7Lzq4dvj1NR3,Nigeria
peabee.,7ikcFDgTeBXvyb86dr19XZEAGVERcZPmNuZtwsfTbC7u,Nigeria
tobigiwa,BxfSXLfrj3DsFVk6Pnqnt2b7F5AwoaSPtsbDnRCXfwbe,Nigeria
Timilehin8201,BAteY6dmnnDK4TLD5d2EbcBMNm1XFCtfykWjztGUj1SP,Nigeria
emmauzoezie,2yhWikTtSaDCF3ubd3MxvJco4cDUkhGLfKf3yUjSYBTz,Nigeria
Pdbullbear ,92JNiBRDWZD9pa3Avi9gSLJWJrDxBrdTXo11yCNMizxh,Nigeria
genesisdegen,BBfryAjE3mcxRG3ns5Y5Xq1pHCoXayuuP8ppE82dHHg2,Nigeria
Juujugirl,8yxGzoLEitSX1JhFDYeRGsJ32Zv7QUamDypdLhovpvFa,Nigeria
drimacode ,5pdzrw1nsx1jSTLyHFCGYGJnGmnRiDnFTq2vrXG1K4oy,Nigeria
azulaozia,3AM3RqfPri5ApJBhypvvJpF53iDr187M2mnvstEHZyka,Nigeria
emmyemmaceo,5kLpUjSWp5Yzkk6FwJhxmE8DiGQyJ1STJWvMDp5KMUm8,Nigeria
raphaeldegreat,FbKBU1NWaQy4ZUdp2woamyqJavvVL4rYghm96fHNMa2W,Nigeria
g0erli,8Xw93xxgqTV6it2Uj9gWNX9xArJ9W3qSeY4YpRTuAfuD,Nigeria
melodydaniel,Aj781WgPcSDEvCzVQA2z38dgY3Dss6EJzTNB5USLkuU,Nigeria
goddess9408,FdVZXKCzY34Kwqq93LeSYHqHrKEAkP3wyRpak66SgtSg,Nigeria
tolu1553,CJk9FupjguvxybQgqprmxFnHLwLfUK1c1tSzvCwK3xqT,Nigeria
Timmyisagod#9325,3LA2Hd4MrmkkztK4PJM7fXtHySvXUwfBSaaZpjbnmD7z,Nigeria
netrovert01,CfayvjdNdku5NEtKnCPK25WATTwSuRun2hsGJYXE3TjN,Nigeria
princessxena3029,84Cs8bZsMLrJuHXWdvi91J3z3LaPyu8tVS7EH9BThCCE,Nigeria
angrypacifist,BZTx18qmTDC4ivNaKwy3giSdqHUtDqsCAwSBtf1Gffym,Nigeria
codehadit1855,2ja2WU7JmgXV5ni3Ci25nufdA2FZdYLovpkyYAPAgpCJ,Nigeria
Sir_Uddy,HBgGPNgPrTdcj1GBfhq23k8VHT1pZskKADqJq6K2EydA,Nigeria
african_kryptonian,8boxjTdZEckTQEzBDCGfJF5mRWP4xYeMuizCfFoWSyP6,Nigeria
abdulmalik_adeyemo,74MfC75FHnp4UnnmVKcmL7eBnKkvaihkjshjZph6UbK8,Nigeria
favour_udofiah,488gfw21e5uafe7G2bkA1rzj8puEmRQTq9k37XvAL9QG,Nigeria
manny_unlocked,37vHKCCzgDhSKoJHE2VYbxDAckJS4Jr6HXcq8oJ7cJJy,Nigeria
tango668,E7djzht1C5RLXtLmkaHoY4T5prjVM8uPz4nMUANPwH1Q,Nigeria
adamrodan,HQRZPkrRRyYYEGiUrCztASaLYuL3MPYcv3GZxRHgFjrF,Israel
amirkk1,avaulto.soil,Israel
marissaposner,HH5mtTjtjDSPrzbv5G4bGtM9vzkub6zMR8o52dMW7zsm,Israel
yoske2971,HU4t3gQ62u6BXHanESPgGV13zn4wvgS31so1P3TujZVY,Israel
.josezp,8X4eKexJ3kP6817pxwRQeCxqxkxGaAkHUd2JtNo79LxK,Israel
brunoms0l,AtgnBQnMg63JfzXd8U65Gs6yUYekLRaNTphcSLXANvng,Israel
nat_aware,/,Israel
Leo,FZBSuUxzjwjYxvNN3nN73D4XoWr3ZMHR8fqH8py1uV2r,Israel
0xkunya,4R9aNutEcdi5EiuDnDNjk9W8m4TNvW9mwwFjvY53Vkm1,Israel
orinhazan,eFT5KHDYim1xWJfA49WCun2sUBhatrQKVKkVimAhkDZ,Israel
David_Peleg,DDVzVm6oQNQoP6icYkBDvQqAcNRpnkNgfdrdCdFqMg3h,Israel
nebnoobnab,Bv795xxrENrRaJFCTGDV63BpUcqvjd6hiFahXzfnGDcg,Israel
thejomshoots,5s7kFxozAmEgD1oDnvYxJJoAvFxvH5sH8e1TJCZboVyT,Israel
yoske2971,72LkJYtrQ5PJosTNT8HV55UHY1bL5ubkwUcJf6s49cQc,Israel
.mikeday,9y88JcWagE4h7pssNzkPwQe8jtxy85V3MvVj7biWVmWU,Israel
JonathanBNB,E4P1aCnRg1Cd6w6pWXkuoX23zh2CKy6TTztyp5UDHacr,Israel
p.o_pro,2Uor5fzgGtoqwiWexC7Y47LcbEEBWW3QBL5eTKdqpQgn,Israel
serjkorj,5YC4wAJ3KGMszhEkVRAEjnNZKsRXmMgaYZ2b33fAxrby,Israel
dannpl,HjJQdfTHgC3EBX3471w4st8BXbBmtbaMyCAXNgcUb7dq,Brazil
gomezudo,2m8y44FxGQm28AmCyksZr3XXorXN9NaysjsWfjD2sd5g,Brazil
netookl,Cgmboq2D66xfwNmvhz2KfLrK52YVDMjmuM7rhCkyGvsF,Brazil
nsk_xyz,8dq7DkQY3EC1tpVxUkeFcH8wZtUWMRrh3KNr4wGdSCFa,Brazil
purpleratatouille,HBU4JSaHhRkPnadKf2UPwpZmMQ7SsLthRqSTzW24hZKn,Brazil
gus.marinho,HK5WKrDgodYGXK7gSZ54njzmEwwheJPZjoCoMWycVaXq,Brazil
diego_solana,8T19hs65ZqmVgTzFhw68uqhU6rovEvHLkD5s8qKcefYn,Brazil
BrazillianCare,EHKygYJuZA4H1zcU3hQxdn12fReMh2txqgG67sU8BcMV,Brazil
erizzo.sol,GRQfjSEYfYEjnWbU7S8fzSmjWcex5Gn6XyfxbXdRmUVm,Brazil
dk.thor,8ioFPTTvgP9A6UqLHgfuTmDwrYtexotHNNsUmq4KDZuN,Brazil
cigarros.sol,9VN1hV84YeTzTGRzjQ94WJeCktM3SZdPJxeEtsroMdTr,Brazil
victorcioffi,B6YyCVMs9jsPm8ouTDazLsQhSwMQxfHp968HSYLcVXyn,Brazil
salamitto,BYyQ8HnWQD1tUEMwkTutuwFeDjfpnGrV8rXh45dcbJSn,Brazil
lupecio,9NoH6DgAEYq49QDo8VEGohAV617bcXGA5eaSvVGtVbfz,Brazil
kaueth,73UkhoYE7xNE49vTHDvHwR3BnrVa5VEYv7tzhj2gbC9T,Brazil
vinikloppel,3FEoJPPeFcKbyes7prDQgexDKvbY9dyC9a8RRVQapm4e,Brazil
luiya,CNKBAU9aSjrx4abvAjqYo8TVtK9dodASbRDAcaFMA7Rp,Brazil
0xfoundingtitan,8XKK2m2Jd7AXgeVd32jmq4zuq8rAcN4bx9SD19kovrAZ,Philippines
theointech,6cut9fD3qTbDRFara7sZo7tnBGi6y3unmZKSt96VhcDU,Philippines
rayshield021,FAXDZafhXmNBykiqSQtDmT3ZELDiRifzPtq9Yv4zEuvM,Philippines
jao34712,Ur9px4R51wACutMrZtDKuCEABtttwYK2ouUupdUobP2,Philippines
renzothenoob,AsW4DmiUvPqHPgUkQ1yzaq2qkEZS3WnSQfCMH2PZM6j9,Philippines
el.malamaya,AWdc97KNT5PSdPdy4pcgv5FdzoyuAvdrGy1zHMWBs5XG,Philippines
ismaeljerusalem,AxTdXZTHtYhwUJEqtcufXZ8XhwT6b8VxP9ndAZpL8Emm,Philippines
0xmoonlight,9GFRzqGuZBwUFgLvPUGQGSkoyt1fSSxhe7233ZddWmif,Philippines
iamrainee,C8gezP7mj9QDbQduNF1CKtWEyHhgwLDGzTnSBcK3yyeA,Philippines
recolts,CfurJW5g544kWypk2mik3dpJBzDAtMXBS4qseoePkqwi,Philippines
dikkeido,F18pMMPNCDRRPuUb2LGYboAtcFqMJ9T9bxFcigU78omo,Philippines
k1merran,37UmxWZnDREabCPaQ5NWsTqVQiZB8ojw7CgJDch78wQf,Philippines
julius_theblokc,Do4pHKFXaEQvMYz5MVUCKqhQCYWU48GwcmZpA9Ahee4Y,Philippines
MizzChezz,BuiX8PFgSK3ks6Cx4UEvjJPrnvGa5UagtVKG1ScppU7r,Philippines
CryptoFonzy,6RdJDvx8Wqy7txUY9FyiEBhMDcaMzdQmCeh5iuKuACEG,Philippines
rubzcomms,EgSmoz4cVqtmisGyniRs3vghSnqnaTVD3ED8zjwbnJCw,Philippines
mjstheller,GquPpzxtgv98g53G3yVqB31AWXLdTXDVDxXE2PT2bDsV,Philippines
sn00ze_sol,GcKfNuVbVgiyT8i7TRudGjJYCinpRmwon514rs1WqQaa,Philippines
padugz,3K3q5eTDfJSUBzmnuFUSyNZGanWPtY75DEubQ2TbcUp6,Philippines
dayvough,58LNXUQfwu7DLhA2pgAR1Wo5nsXvWR4W2fwzD4fHWe9N,Philippines
Nikuuutensei,89fYipi2MYCXhumyH8F8p2GB3WWFbo5D6A7bbjBLfHzW,Philippines
0xr2r_,BJbfDXMep8puzR1eC2TA1Lk69e8Zo73j4pkBKrnrx3pB,Philippines
Chillrender#2289,fR4QJipEx2qWvfZb1uivFX4HNbG2UY4xF5YTrFrcKd7,Philippines
rodrunnerph,71ppka1d9ucxJjivDJ3UKsXJsfXujLJfLb8ozKjPSrj3,Philippines
iamwhitefish,9Zvq9uFPUQKxb2FYFqvME8QbPjitMvaixzxq12Cukkzk,Philippines
marcjerome_,4DJDaaL9Q8qMxzJ74F9FJyzwRWPaHnQgJ1NkmRcsZZxj,Philippines
nicc_zetsu,66GuYP38xiE66VrY28K2A3eALmh6uDae4ZYJMrE9vQCv,Philippines
johnsmith3655,4E19trKwW6y75CuPEsyrKqtEBnvDPBCQvexePRvM35hu,Philippines
mhokxyzone,AtXcdbGfGWKQW4Z6bqkJX1wZRejw6KBLG1AMbYgBnKu,Philippines
@jleuwe,C8GBsjzzbjsMBuHYRC8HYRE64Un51LgFrmUpGdXeyuvJ,Philippines
VauxMachina,7dKZCZnpCVRTMz41jeXknAhVJ7i2sfjZr4yNcS4e1i9N,Philippines
nomadfury,F1shsj4bRTKjaG7L4VgmiNEY9mXYcj55tyA7HrxbjhSV,Philippines
JoePitz,GADhpKYJ9c1E18X1ew4fUQyppsjB58b5BbouA26dVZLs,Philippines
jayjay.nft,CM6vDRTn7YCczVLZ2rryvSDNzYQjp8JRBvfTh2LBgCPb,Philippines
edison.tsai,DHuRA87wxr1j4e3RVG9cbHJi2Ht4AE562QxdkSKnEKdT,Philippines
wensjay,5ESHXhAqQWXN2RJrMA2wsFLR34yBnVaWR5WsGtuJU3Wp,Philippines
Grumpy,EwcT8umLDCwFHo1kZ7QauvsZ2hzYZdYx8k3uqHBJJQdv,Philippines
shunxc.eth,AopQu691HFi4Tj6USrpiwkDxQScw8iKN4mFtJcDWn3d5,Philippines
dzypherit#0,5wMC5tfgXuAoAHZYJ1g2qgUS9NPMmfwNhFeG2LSPUim3,Philippines
zeefreaks,Fz9CbCaksGpgmwxFPJFHH5SYRfmiyFmv6y29tAaN6roH,Philippines
paparoyarcus,DpPqHu52HPFkRMr1LiYCXxiojYQf7LsY9SnjXy2AvQXT,Philippines
shelleymae,6Xu34wgGJfxCgBHg3VXsFZCT2AcGQSjAWEuzcjos7gXw,Philippines
yudhishthra,5CKL7Na4c6pfk4L1cNrtuQD7J6Djeu4tPaNHkqBmzhUV,Malaysia
eigenfunction271,33tY3dU1pMToNS1Wy2Rfc9hA7ZZsyrPnN6ZZ9YZHeR7B,Malaysia
SeniorHODL,Hd2EZ7L1jykdvLQH65926b8LQGaQLnddphBTCaFEXgwF,Malaysia
apastry,Cdid6KS9Vgh8QFnBSL23nUB8PonnrSazCnEgR3ii5BM4,Malaysia
raydarwt,8RmS8Bka25couFcdpPuNXXMXx7XfRanS2WisdZ9LLADA,Malaysia
iamafriedegg,5tchWoDUv7zr7up44G1ZS2pQtyKKbxaa66LXMRAcH4LB,Malaysia
_benjamintan,4fhoeEK44ANngEaUR46WH5D9ZefntDcQxdjQM12vSTzk,Malaysia
ric_145,HRR1s7eCCGqVDjvHMNDuo47utrvUUBnkRc483BvdbxsW,Malaysia
vani#8556,A3oC1CD1ygAhsb6aAjUQkG79wbtz4Qqv7jVmmikdUiS9,Malaysia
.lordship,GEfMBVX9gKqMNJRUArmHDrAb7uNFqQRxQLvYBnK7YqGh,Malaysia
0xmorph,5h9DUpyzYJMDsJCoADnLCFKkhQsKQ2uKbrsRPqJnDYDa,Malaysia
haoxiang_14,46BtoZatupUAvQtgAynsS8254QFadZ6cPJk9szj1nyoA,Malaysia
philthedesigner,AhaEt2x4QdQu3kEqJfDyYeBmzpWU4xVr8D1SwEFh4QK6,Malaysia
sgan,5x6LQ5YQGzb6K1G6NX2i5DLzS6jRT4WoNx8i6X5fBJtZ,Malaysia
rngjsoo,GRPvpxfDWXRdaEc392xX5AJ8oCkp4gmJAiaJzrBPf2L7,Malaysia
shaunriser,DYVT2LQ6U7PERSYgBLWDkrruhJxpTrWdK55yeVJqfg1c,Malaysia
thecoolerjosh,J3kcyE2dcvg7gvC9vwDMtQRXQr4MbS4SjR4r1o2BEt5Q,Malaysia
noobmaster_mt,H1ZpCkCHJR9HxwLQSGYdCDt7pkqJAuZx5FhLHzWHdiEw,Malaysia
daniel.einda_91666,bUFjTTdk8FWJdtJ5vfAfeqd9GPiL4YhWGVv2Dwq8xUx,Malaysia
asilbek_0311,5 Jalan University,Malaysia
0xnazreen,GTLx2bd1hUcS3EB54KqYdFaB9NoeCVvBZUMZDyBMesLP,Malaysia
josipvolarevic,7aLBCrbn4jDNSxLLJYRRnKbkqA5cuaeaAzn74xS7eKPD,Balkan
primordial.nft,EbNMCVcWJqT6aMHxTVGPvqSunKEhpPnwDqKXJYGNRqT2,Balkan
matija_sol,EHBpvWER3crtttQuCMYQxnPwd3NZHm7dueYtPg6RRhvk,Balkan
_simol,C3XRh9HTLXtFCmzK8UXXSA6WhnfZeBV3MpugxB3mAirP,Balkan
vidor,Hp8SsZZZot8UB28HTfEuxxCXECoSiwHfpzqwenjrMPKF,Balkan
zhedd_sol,Htux5xqvz1RSya6hPw8TMGDo9XCuaYFScr62vXWwAybw,Balkan
svalinaj,39k1N5fFxpV8zxqGMUeEfbLqW3Q9CKmrbK9RGjv3b3id,Balkan
voshy,VoshysH2zi1246v7J3P1jWXWJqtwFufJzgDbNfahDfo,Balkan
anicant,5wBEag77htecAhZ4mphhDVcPd47JfBCcaY1gGX5dmGNX,Balkan
masol_66728,8XyEKhup3tTYVzPoAU147qSaYRMmAkEcbYRZ6Ps1zq6e,Balkan
pileks,EUHJf8xghqnkvLtUpxqokB8S1CuwDLwMNbrnGhqtTeto,Balkan
imprfekt,4TZkD916FyhiwC9EmY8y7GSY94DyU4Nuz815qkU8URUz,Balkan
0x1dad,Az1epSxuTwKHdqY8EPGYQY6wZXkA8NV6YbLVgFoquL8,Balkan